protein,auc,model
NP_000007.1,0.5823529411764706,8M
NP_000008.1,0.65,8M
NP_000009.1,0.46618357487922707,8M
NP_000010.1,0.6046511627906976,8M
NP_000011.2,0.7187096774193548,8M
NP_000012.1,0.4447368421052632,8M
NP_000013.2,0.7192118226600985,8M
NP_000014.1,0.37142857142857144,8M
NP_000017.1,0.76,8M
NP_000018.2,0.6875,8M
NP_000021.1,0.696969696969697,8M
NP_000022.3,1.0,8M
NP_000023.2,0.5696969696969697,8M
NP_000024.2,0.6141345427059713,8M
NP_000026.2,0.5714285714285714,8M
NP_000028.3,0.5625,8M
NP_000030.1,1.0,8M
NP_000032.1,0.42857142857142855,8M
NP_000034.1,0.5,8M
NP_000035.2,0.31378865979381443,8M
NP_000036.2,0.6923076923076923,8M
NP_000037.2,0.7522768670309654,8M
NP_000038.2,0.6098484848484849,8M
NP_000039.2,0.5230769230769231,8M
NP_000040.1,0.444015444015444,8M
NP_000041.2,0.7434210526315789,8M
NP_000043.4,0.8121069182389937,8M
NP_000044.2,0.7216010733452594,8M
NP_000045.1,0.9886363636363635,8M
NP_000046.1,0.8571428571428571,8M
NP_000048.1,0.7589285714285714,8M
NP_000052.1,0.8623548922056385,8M
NP_000053.2,0.44781144781144777,8M
NP_000055.2,0.5,8M
NP_000058.1,0.0,8M
NP_000060.2,0.8351814516129032,8M
NP_000061.1,0.48200312989045385,8M
NP_000062.1,0.7327586206896551,8M
NP_000065.1,0.6125,8M
NP_000066.1,1.0,8M
NP_000067.1,0.6571428571428571,8M
NP_000068.1,0.7196969696969697,8M
NP_000070.1,0.9642857142857143,8M
NP_000071.1,0.6318681318681318,8M
NP_000073.1,1.0,8M
NP_000074.3,0.6812500000000001,8M
NP_000076.2,0.908,8M
NP_000078.3,0.6571428571428571,8M
NP_000079.2,0.9239858627419949,8M
NP_000080.2,0.9753552797265697,8M
NP_000081.2,0.9887356768304525,8M
NP_000082.2,0.9601059135039719,8M
NP_000083.3,0.955625,8M
NP_000084.3,0.8657817109144543,8M
NP_000086.2,0.8176567656765676,8M
NP_000087.2,0.6133333333333334,8M
NP_000088.3,0.5833333333333333,8M
NP_000089.1,0.4672619047619047,8M
NP_000092.2,0.55,8M
NP_000093.1,0.9666666666666667,8M
NP_000095.2,0.873015873015873,8M
NP_000099.2,0.6666666666666667,8M
NP_000101.2,1.0,8M
NP_000102.1,0.7764705882352941,8M
NP_000103.2,0.8823529411764706,8M
NP_000104.1,0.39999999999999997,8M
NP_000107.1,0.6842105263157895,8M
NP_000108.1,0.9090909090909091,8M
NP_000110.2,0.5,8M
NP_000113.1,0.33333333333333337,8M
NP_000114.3,0.53,8M
NP_000115.1,0.8660714285714285,8M
NP_000117.1,0.33333333333333337,8M
NP_000118.2,0.6082251082251083,8M
NP_000119.1,0.7357142857142858,8M
NP_000120.2,0.7428571428571429,8M
NP_000121.2,0.6114285714285714,8M
NP_000122.1,0.775,8M
NP_000124.1,0.7791666666666668,8M
NP_000126.2,0.5412311265969802,8M
NP_000127.2,0.4444444444444444,8M
NP_000128.1,0.6272727272727272,8M
NP_000131.2,0.4571428571428571,8M
NP_000132.3,0.8607142857142858,8M
NP_000134.2,0.32920110192837465,8M
NP_000135.2,0.8,8M
NP_000136.2,0.5,8M
NP_000137.2,0.0,8M
NP_000138.2,0.6363636363636364,8M
NP_000142.2,0.7000000000000001,8M
NP_000143.2,0.6095461658841941,8M
NP_000144.2,0.45546558704453444,8M
NP_000147.1,0.5701754385964912,8M
NP_000149.4,0.6428571428571429,8M
NP_000150.1,0.37873134328358204,8M
NP_000153.1,0.4486301369863014,8M
NP_000154.1,0.5,8M
NP_000156.1,0.30434782608695654,8M
NP_000157.1,0.28125,8M
NP_000159.3,0.8543689320388349,8M
NP_000160.1,0.64,8M
NP_000161.2,0.6552631578947369,8M
NP_000162.2,0.5512820512820513,8M
NP_000164.5,0.7302631578947368,8M
NP_000165.1,1.0,8M
NP_000166.2,0.7222222222222222,8M
NP_000168.1,0.5977011494252873,8M
NP_000169.1,0.0,8M
NP_000170.1,0.6871345029239766,8M
NP_000171.1,0.924901185770751,8M
NP_000172.2,0.7692307692307693,8M
NP_000173.2,0.7384615384615384,8M
NP_000174.1,0.4666666666666667,8M
NP_000175.1,0.5,8M
NP_000177.2,0.638095238095238,8M
NP_000178.2,0.48051948051948057,8M
NP_000179.2,0.875,8M
NP_000181.2,0.5818181818181818,8M
NP_000182.2,0.5,8M
NP_000183.2,0.4182692307692308,8M
NP_000184.1,0.28125,8M
NP_000185.1,0.6666666666666666,8M
NP_000186.2,0.3333333333333333,8M
NP_000187.3,0.875,8M
NP_000188.1,1.0,8M
NP_000189.1,0.7,8M
NP_000190.1,0.515406162464986,8M
NP_000194.2,0.5954592363261094,8M
NP_000197.1,0.6363636363636364,8M
NP_000198.1,0.09090909090909091,8M
NP_000199.2,0.734375,8M
NP_000200.1,0.30000000000000004,8M
NP_000202.3,0.67,8M
NP_000203.2,0.6818181818181819,8M
NP_000205.1,0.7740683229813664,8M
NP_000206.2,0.5153061224489796,8M
NP_000207.2,0.7058823529411764,8M
NP_000208.2,0.5,8M
NP_000209.2,0.6839572192513369,8M
NP_000210.2,0.625,8M
NP_000211.1,0.7272727272727273,8M
NP_000213.1,0.72,8M
NP_000214.1,0.16666666666666669,8M
NP_000217.2,0.39682539682539686,8M
NP_000219.2,0.8482758620689655,8M
NP_000220.1,0.6296296296296297,8M
NP_000221.1,1.0,8M
NP_000222.2,0.7500000000000001,8M
NP_000224.2,0.7954545454545455,8M
NP_000226.2,0.8175675675675675,8M
NP_000228.1,0.6470588235294117,8M
NP_000229.1,0.6738609112709832,8M
NP_000230.1,0.0,8M
NP_000231.1,1.0,8M
NP_000239.1,0.8,8M
NP_000240.1,0.7676426426426426,8M
NP_000241.1,0.33333333333333337,8M
NP_000242.1,0.7297297297297297,8M
NP_000243.1,0.6252204585537918,8M
NP_000244.2,0.8529411764705882,8M
NP_000245.2,0.5833333333333333,8M
NP_000246.2,0.58875,8M
NP_000247.2,0.6902356902356902,8M
NP_000248.2,0.38587406793703394,8M
NP_000249.1,0.25,8M
NP_000251.3,0.6022852120413096,8M
NP_000252.1,0.474,8M
NP_000254.2,0.6442687747035573,8M
NP_000255.2,0.7624489795918368,8M
NP_000257.1,0.39285714285714285,8M
NP_000259.1,0.8333333333333334,8M
NP_000261.2,0.45833333333333337,8M
NP_000262.2,0.7203124999999999,8M
NP_000263.2,0.125,8M
NP_000264.2,0.6326530612244898,8M
NP_000265.1,1.0,8M
NP_000266.2,0.7230769230769231,8M
NP_000267.2,0.8888888888888888,8M
NP_000268.1,0.6939546599496222,8M
NP_000269.3,0.6666666666666666,8M
NP_000272.1,0.0,8M
NP_000273.2,0.47685185185185186,8M
NP_000274.3,0.5666666666666667,8M
NP_000275.1,0.7509803921568627,8M
NP_000276.2,0.9423076923076923,8M
NP_000277.1,0.75,8M
NP_000278.3,0.5882352941176471,8M
NP_000279.1,0.8888888888888888,8M
NP_000280.1,0.5,8M
NP_000282.1,0.7083333333333334,8M
NP_000283.1,0.5679012345679012,8M
NP_000286.3,0.7633136094674556,8M
NP_000288.1,0.5804195804195804,8M
NP_000292.1,0.0,8M
NP_000293.2,0.6071428571428572,8M
NP_000294.1,0.28448275862068967,8M
NP_000295.1,0.7948717948717948,8M
NP_000298.3,0.6666666666666666,8M
NP_000299.3,0.0,8M
NP_000300.1,0.8571428571428572,8M
NP_000301.1,0.9545454545454545,8M
NP_000302.1,0.576923076923077,8M
NP_000303.1,0.925531914893617,8M
NP_000306.1,1.0,8M
NP_000307.1,0.6,8M
NP_000308.1,0.7307692307692307,8M
NP_000312.2,0.5552325581395349,8M
NP_000313.2,0.6556776556776557,8M
NP_000315.2,0.6666666666666667,8M
NP_000316.2,1.0,8M
NP_000317.1,0.6666666666666666,8M
NP_000320.1,0.4623655913978494,8M
NP_000321.1,0.6422466422466423,8M
NP_000325.4,0.7599134823359769,8M
NP_000327.2,0.5636363636363637,8M
NP_000329.2,0.7962962962962964,8M
NP_000331.1,0.888888888888889,8M
NP_000332.2,1.0,8M
NP_000333.1,0.6220735785953178,8M
NP_000334.1,0.7083333333333334,8M
NP_000336.1,0.8,8M
NP_000337.1,0.8506944444444444,8M
NP_000340.2,0.7272727272727273,8M
NP_000341.2,0.649923273657289,8M
NP_000343.2,0.6915219611848826,8M
NP_000344.1,1.0,8M
NP_000349.1,0.6111111111111112,8M
NP_000350.1,0.4627192982456139,8M
NP_000353.1,0.3888888888888889,8M
NP_000354.4,0.8409090909090908,8M
NP_000359.1,0.7903629536921152,8M
NP_000360.2,0.8842975206611571,8M
NP_000361.1,0.5,8M
NP_000362.1,0.6172839506172839,8M
NP_000363.1,0.7992424242424242,8M
NP_000364.1,0.75,8M
NP_000365.3,0.1875,8M
NP_000366.1,0.75,8M
NP_000368.1,0.5148148148148148,8M
NP_000371.1,1.0,8M
NP_000372.1,0.7714285714285715,8M
NP_000373.1,0.81875,8M
NP_000374.1,0.5053475935828877,8M
NP_000378.1,0.9,8M
NP_000381.1,0.5,8M
NP_000382.3,0.6740196078431373,8M
NP_000383.2,0.8736842105263158,8M
NP_000384.2,0.9974779319041613,8M
NP_000387.1,0.5131578947368421,8M
NP_000388.2,0.7596153846153846,8M
NP_000389.1,1.0,8M
NP_000391.1,0.9019607843137255,8M
NP_000393.4,0.5180327868852459,8M
NP_000396.2,0.4,8M
NP_000398.1,0.8,8M
NP_000400.2,0.8235294117647058,8M
NP_000401.1,1.0,8M
NP_000402.3,0.8409090909090909,8M
NP_000405.1,0.6851851851851851,8M
NP_000407.1,0.6,8M
NP_000410.2,0.6003316749585406,8M
NP_000412.4,0.6235294117647059,8M
NP_000413.1,0.6836734693877551,8M
NP_000414.2,0.2826086956521739,8M
NP_000415.2,0.2960088691796009,8M
NP_000416.1,0.8473818646232439,8M
NP_000421.1,0.8181818181818181,8M
NP_000422.1,0.671875,8M
NP_000424.2,0.30000000000000004,8M
NP_000425.1,0.5735294117647058,8M
NP_000427.1,0.625,8M
NP_000430.3,0.8666666666666667,8M
NP_000431.2,0.6964285714285714,8M
NP_000432.1,0.7,8M
NP_000434.1,0.8333333333333334,8M
NP_000435.3,0.6377688172043012,8M
NP_000438.2,0.35000000000000003,8M
NP_000439.2,0.7666666666666666,8M
NP_000444.1,1.0,8M
NP_000446.1,1.0,8M
NP_000447.2,0.5555555555555556,8M
NP_000449.1,0.6645962732919255,8M
NP_000450.3,0.4545454545454545,8M
NP_000451.1,1.0,8M
NP_000452.2,0.4689655172413793,8M
NP_000456.2,0.8,8M
NP_000457.1,0.8888888888888888,8M
NP_000465.1,0.5952380952380952,8M
NP_000466.2,0.4519230769230769,8M
NP_000467.1,1.0,8M
NP_000470.3,0.4375,8M
NP_000472.2,0.49,8M
NP_000475.1,0.5844155844155844,8M
NP_000476.1,0.6190476190476191,8M
NP_000477.1,0.9464285714285714,8M
NP_000478.3,0.6115384615384617,8M
NP_000479.1,0.49999999999999994,8M
NP_000481.2,0.875,8M
NP_000483.3,0.8466716529543754,8M
NP_000484.2,0.5694444444444444,8M
NP_000485.3,0.92,8M
NP_000486.1,0.9588881389212739,8M
NP_000487.1,0.8500000000000001,8M
NP_000488.3,0.8355263157894737,8M
NP_000489.3,0.7461538461538462,8M
NP_000491.4,0.8526315789473684,8M
NP_000495.1,0.9333333333333333,8M
NP_000496.2,0.4,8M
NP_000497.1,0.375,8M
NP_000498.2,0.9333333333333333,8M
NP_000500.2,0.4583333333333333,8M
NP_000503.1,0.665132336018412,8M
NP_000506.2,0.6666666666666666,8M
NP_000508.1,0.669753086419753,8M
NP_000509.1,0.6065162907268171,8M
NP_000511.2,0.5324074074074074,8M
NP_000514.2,1.0,8M
NP_000517.3,0.5206896551724138,8M
NP_000518.1,0.8601440576230492,8M
NP_000519.2,0.6055900621118012,8M
NP_000520.1,0.6799999999999999,8M
NP_000522.3,0.5957324106113034,8M
NP_000523.2,0.4027777777777778,8M
NP_000524.3,0.24,8M
NP_000525.1,0.9375,8M
NP_000527.2,0.5756578947368421,8M
NP_000528.1,0.3,8M
NP_000530.1,0.7396788990825689,8M
NP_000532.2,0.0,8M
NP_000533.4,0.4166666666666667,8M
NP_000534.3,0.5900826446280992,8M
NP_000536.6,0.6321909424724602,8M
NP_000537.3,0.43264189651242313,8M
NP_000538.3,0.6282051282051282,8M
NP_000539.2,0.5222666838776301,8M
NP_000541.1,0.36666666666666664,8M
NP_000544.2,0.96875,8M
NP_000545.1,0.7285714285714286,8M
NP_000548.2,0.3888888888888889,8M
NP_000578.2,0.6666666666666667,8M
NP_000584.3,1.0,8M
NP_000594.2,0.5454545454545454,8M
NP_000603.1,0.0,8M
NP_000608.1,1.0,8M
NP_000633.2,0.6166666666666667,8M
NP_000651.3,0.9142857142857143,8M
NP_000657.1,0.75,8M
NP_000676.1,1.0,8M
NP_000678.1,0.6875,8M
NP_000683.3,0.8,8M
NP_000684.2,0.8500000000000001,8M
NP_000693.1,0.7575757575757576,8M
NP_000700.1,0.7999999999999999,8M
NP_000708.1,0.7857142857142857,8M
NP_000710.5,0.7231182795698925,8M
NP_000711.1,0.8650793650793651,8M
NP_000712.2,0.5294400384522951,8M
NP_000717.2,1.0,8M
NP_000735.1,0.2798507462686567,8M
NP_000738.2,0.7916666666666666,8M
NP_000739.1,0.7166666666666667,8M
NP_000742.1,0.3333333333333333,8M
NP_000751.1,0.8181818181818181,8M
NP_000772.2,1.0,8M
NP_000773.2,0.7922077922077922,8M
NP_000775.1,0.8128654970760234,8M
NP_000776.1,0.736842105263158,8M
NP_000780.1,0.9,8M
NP_000797.2,0.532051282051282,8M
NP_000799.1,1.0,8M
NP_000801.1,0.625,8M
NP_000803.2,0.9166666666666666,8M
NP_000806.2,0.2777777777777778,8M
NP_000807.2,0.44147157190635455,8M
NP_000812.2,0.20833333333333334,8M
NP_000814.2,0.875,8M
NP_000824.1,0.6942602569415665,8M
NP_000825.2,0.668538291605302,8M
NP_000827.2,0.48484848484848486,8M
NP_000834.2,0.8511904761904763,8M
NP_000835.1,0.7857142857142857,8M
NP_000851.2,0.875,8M
NP_000866.1,0.7727272727272727,8M
NP_000874.2,0.5,8M
NP_000879.2,0.0,8M
NP_000881.3,0.8333333333333333,8M
NP_000882.1,0.6904761904761905,8M
NP_000883.2,0.5454545454545454,8M
NP_000890.1,0.6666666666666667,8M
NP_000892.2,0.75,8M
NP_000894.1,1.0,8M
NP_000899.1,1.0,8M
NP_000909.2,1.0,8M
NP_000911.2,0.5247252747252746,8M
NP_000912.3,0.5909090909090908,8M
NP_000924.3,0.5823529411764705,8M
NP_000928.1,0.4375,8M
NP_000933.1,0.0,8M
NP_000935.1,0.2545454545454545,8M
NP_000952.1,0.5,8M
NP_000956.2,0.375,8M
NP_000960.2,1.0,8M
NP_000968.2,1.0,8M
NP_000987.2,0.25,8M
NP_001001331.1,1.0,8M
NP_001001344.1,0.36111111111111105,8M
NP_001001412.3,1.0,8M
NP_001001430.1,0.8023255813953488,8M
NP_001001438.1,0.6142857142857143,8M
NP_001001547.1,0.0,8M
NP_001001557.1,0.4,8M
NP_001001563.2,0.4666666666666666,8M
NP_001001937.1,0.0,8M
NP_001002295.1,0.9090909090909091,8M
NP_001002755.1,0.9166666666666667,8M
NP_001002841.1,0.5,8M
NP_001003694.1,0.4666666666666667,8M
NP_001003722.1,0.5,8M
NP_001003800.1,0.4975579975579975,8M
NP_001003811.1,0.19999999999999996,8M
NP_001003841.1,0.8021978021978021,8M
NP_001004051.1,0.75,8M
NP_001004127.2,0.75,8M
NP_001005271.2,0.6576576576576578,8M
NP_001005369.1,1.0,8M
NP_001005463.1,0.5,8M
NP_001005731.1,0.5206611570247934,8M
NP_001005741.1,0.6368159203980099,8M
NP_001006658.1,0.7564102564102564,8M
NP_001006659.1,0.75,8M
NP_001007027.1,0.7142857142857143,8M
NP_001007227.1,0.16666666666666666,8M
NP_001007528.1,0.25,8M
NP_001008214.1,0.75,8M
NP_001008537.1,0.9634146341463414,8M
NP_001008701.1,0.75,8M
NP_001009999.1,0.125,8M
NP_001010867.1,0.5714285714285714,8M
NP_001010874.2,0.0,8M
NP_001010892.1,0.5555555555555556,8M
NP_001011551.1,1.0,8M
NP_001011658.1,0.0,8M
NP_001012426.1,0.0,8M
NP_001013860.1,0.8289473684210527,8M
NP_001014437.1,0.3333333333333333,8M
NP_001014839.1,0.375,8M
NP_001015880.1,0.8333333333333334,8M
NP_001017420.1,1.0,8M
NP_001017535.1,0.875,8M
NP_001017995.1,0.9444444444444444,8M
NP_001018005.1,0.3333333333333333,8M
NP_001018123.1,0.13157894736842102,8M
NP_001018494.1,1.0,8M
NP_001019242.1,0.47368421052631576,8M
NP_001019801.3,0.6507936507936508,8M
NP_001020105.1,0.6666666666666667,8M
NP_001020279.1,0.0,8M
NP_001020466.1,0.38636363636363635,8M
NP_001020560.1,0.25,8M
NP_001020774.1,0.8,8M
NP_001025023.1,0.0,8M
NP_001025053.1,0.5163043478260869,8M
NP_001025054.1,0.21739130434782605,8M
NP_001025178.1,1.0,8M
NP_001025482.1,0.33333333333333326,8M
NP_001026859.1,1.0,8M
NP_001026895.2,1.0,8M
NP_001027565.1,0.6,8M
NP_001027567.2,0.19999999999999996,8M
NP_001028.1,0.75,8M
NP_001029.1,0.3888888888888889,8M
NP_001029027.1,0.9523809523809523,8M
NP_001030025.1,0.9305555555555556,8M
NP_001032.2,0.9333333333333333,8M
NP_001034302.2,0.33333333333333337,8M
NP_001034437.1,1.0,8M
NP_001034639.1,1.0,8M
NP_001035.1,0.6,8M
NP_001035197.1,0.21311475409836067,8M
NP_001035202.1,0.4927536231884058,8M
NP_001035526.1,0.39999999999999997,8M
NP_001035835.1,0.21428571428571427,8M
NP_001035897.1,0.7083333333333334,8M
NP_001035937.1,1.0,8M
NP_001035940.1,0.7916666666666666,8M
NP_001035963.1,0.7345454545454546,8M
NP_001036068.1,0.25,8M
NP_001036167.1,0.6666666666666666,8M
NP_001036214.1,0.8076923076923077,8M
NP_001037.1,0.3076923076923077,8M
NP_001037850.1,1.0,8M
NP_001041629.1,0.0,8M
NP_001041675.1,0.6,8M
NP_001050.1,0.8333333333333334,8M
NP_001051.1,0.0,8M
NP_001056.1,0.9265734265734266,8M
NP_001060.1,0.38095238095238093,8M
NP_001061.2,0.0,8M
NP_001063.2,0.8181818181818181,8M
NP_001070.2,0.4375,8M
NP_001070712.1,0.0,8M
NP_001070834.1,0.5882352941176471,8M
NP_001070884.2,0.3333333333333333,8M
NP_001070984.1,0.6666666666666667,8M
NP_001071.1,0.7745098039215687,8M
NP_001072982.1,1.0,8M
NP_001073136.1,0.9642857142857142,8M
NP_001073270.1,0.888888888888889,8M
NP_001073279.2,0.5811688311688312,8M
NP_001073882.3,0.7333333333333334,8M
NP_001073883.2,0.9146341463414634,8M
NP_001073890.2,0.0,8M
NP_001073893.1,0.31034482758620685,8M
NP_001073911.1,0.8,8M
NP_001073918.2,0.9487179487179487,8M
NP_001073936.1,0.6388888888888888,8M
NP_001073945.1,1.0,8M
NP_001073986.1,0.45465686274509803,8M
NP_001073991.2,0.49264705882352944,8M
NP_001075.1,0.3333333333333333,8M
NP_001075019.1,0.625,8M
NP_001076007.1,0.5,8M
NP_001076580.1,1.0,8M
NP_001076585.1,0.2469135802469136,8M
NP_001077083.1,0.5692307692307692,8M
NP_001077088.2,0.7,8M
NP_001077430.1,0.7043478260869566,8M
NP_001077431.1,0.8349673202614379,8M
NP_001080.2,0.4658119658119658,8M
NP_001089.1,0.6111111111111112,8M
NP_001091738.1,0.6636363636363636,8M
NP_001091981.1,0.9479166666666666,8M
NP_001092138.1,1.0,8M
NP_001092272.1,1.0,8M
NP_001092690.1,0.75,8M
NP_001092692.1,0.20833333333333331,8M
NP_001092744.1,0.23214285714285712,8M
NP_001093326.2,0.375,8M
NP_001094383.2,0.9873417721518988,8M
NP_001094385.1,0.0,8M
NP_001094832.1,0.4365079365079365,8M
NP_001094896.1,1.0,8M
NP_001095876.1,0.8448275862068966,8M
NP_001096.1,0.75,8M
NP_001097.2,0.5,8M
NP_001098101.1,0.7613636363636364,8M
NP_001098548.2,0.0,8M
NP_001098717.1,0.5833333333333333,8M
NP_001103279.2,0.8571428571428572,8M
NP_001104262.1,0.5568326947637292,8M
NP_001104505.1,0.6111111111111112,8M
NP_001104595.1,0.4619047619047619,8M
NP_001106212.1,0.725,8M
NP_001106279.3,0.7717391304347826,8M
NP_001106962.1,1.0,8M
NP_001107655.1,0.6071428571428572,8M
NP_001108220.1,0.8333333333333333,8M
NP_001116229.1,1.0,8M
NP_001116293.1,0.0,8M
NP_001119578.1,1.0,8M
NP_001119580.2,0.7036833424958768,8M
NP_001120.3,1.0,8M
NP_001120680.1,0.31999999999999995,8M
NP_001120693.1,0.7072124304267161,8M
NP_001120864.1,0.625,8M
NP_001120972.1,0.5701754385964912,8M
NP_001121370.1,0.8863636363636364,8M
NP_001121631.1,0.2857142857142857,8M
NP_001121699.1,0.6081081081081081,8M
NP_001121775.1,0.33333333333333337,8M
NP_001121897.1,0.7884615384615384,8M
NP_001121901.1,0.19999999999999996,8M
NP_001121903.1,0.5,8M
NP_001122092.1,0.5357142857142857,8M
NP_001122317.1,0.5198412698412699,8M
NP_001123292.1,0.0,8M
NP_001123476.1,0.6285714285714286,8M
NP_001123482.1,0.6666666666666667,8M
NP_001123561.1,0.5714285714285714,8M
NP_001123575.1,1.0,8M
NP_001123577.1,0.9555555555555556,8M
NP_001123616.1,1.0,8M
NP_001123617.1,0.0,8M
NP_001123990.1,0.4722222222222222,8M
NP_001124162.1,0.8125,8M
NP_001124295.1,0.4916666666666667,8M
NP_001124497.1,1.0,8M
NP_001125.1,1.0,8M
NP_001127835.2,0.7797297297297296,8M
NP_001128243.1,0.6666666666666666,8M
NP_001128493.1,0.08333333333333337,8M
NP_001128715.1,0.31690140845070425,8M
NP_001129123.1,0.125,8M
NP_001129277.1,0.9090909090909091,8M
NP_001129392.2,0.0,8M
NP_001129507.1,0.0,8M
NP_001129524.1,0.15384615384615385,8M
NP_001129649.1,0.9333333333333333,8M
NP_001129668.1,0.3333333333333333,8M
NP_001130.1,0.7777777777777778,8M
NP_001136.1,0.33333333333333337,8M
NP_001136029.1,0.8,8M
NP_001136082.1,0.0,8M
NP_001136256.1,0.6785714285714286,8M
NP_001136438.1,0.5466666666666666,8M
NP_001137282.1,0.5,8M
NP_001137326.1,0.0,8M
NP_001137451.1,0.0,8M
NP_001137453.1,1.0,8M
NP_001137458.1,1.0,8M
NP_001138341.1,0.75,8M
NP_001138545.1,1.0,8M
NP_001138584.1,0.6666666666666667,8M
NP_001138780.1,0.33333333333333337,8M
NP_001138830.1,0.7777777777777778,8M
NP_001138940.4,0.47058823529411764,8M
NP_001139189.2,0.5833333333333333,8M
NP_001139267.1,0.5,8M
NP_001142.2,1.0,8M
NP_001148.1,0.2456140350877193,8M
NP_001153508.1,0.4943639291465378,8M
NP_001153605.1,0.5032679738562091,8M
NP_001153695.1,0.5,8M
NP_001153705.1,0.42500000000000004,8M
NP_001153839.1,0.0,8M
NP_001153844.1,0.8333333333333334,8M
NP_001155197.1,0.25,8M
NP_001156685.1,0.7188552188552189,8M
NP_001156908.2,0.5384615384615384,8M
NP_001157281.1,0.6153846153846154,8M
NP_001157750.1,0.954248366013072,8M
NP_001157814.1,0.8803245436105477,8M
NP_001157877.1,1.0,8M
NP_001158233.1,1.0,8M
NP_001159435.1,0.6552919708029198,8M
NP_001159725.2,1.0,8M
NP_001159762.1,0.5490196078431373,8M
NP_001161206.1,0.5740740740740741,8M
NP_001162625.1,0.5,8M
NP_001164672.1,1.0,8M
NP_001165558.2,1.0,8M
NP_001165806.1,0.8571428571428572,8M
NP_001165948.1,0.5102040816326531,8M
NP_001166167.1,0.4285714285714286,8M
NP_001166939.1,0.75,8M
NP_001167621.1,0.8333333333333333,8M
NP_001170787.2,0.8070175438596492,8M
NP_001170991.1,0.31978319783197834,8M
NP_001171481.1,0.4642857142857143,8M
NP_001171536.2,0.6444188722669736,8M
NP_001171582.1,1.0,8M
NP_001171634.3,0.6666666666666666,8M
NP_001171809.1,0.8900226757369615,8M
NP_001171818.1,0.0,8M
NP_001174.2,0.5769230769230769,8M
NP_001177203.1,0.6526806526806527,8M
NP_001177666.1,0.6666666666666666,8M
NP_001177716.1,0.33333333333333337,8M
NP_001180345.1,0.7777777777777777,8M
NP_001181939.1,0.7272727272727273,8M
NP_001182058.1,1.0,8M
NP_001182192.1,0.55,8M
NP_001182399.1,0.8571428571428572,8M
NP_001185.3,0.5740740740740741,8M
NP_001185797.1,0.5555555555555556,8M
NP_001185885.1,0.5,8M
NP_001186.1,1.0,8M
NP_001186036.1,0.8076923076923077,8M
NP_001186136.1,1.0,8M
NP_001186181.1,0.0,8M
NP_001186728.1,0.6,8M
NP_001186846.1,0.23809523809523808,8M
NP_001188356.1,0.33333333333333337,8M
NP_001189333.2,0.7878787878787878,8M
NP_001189472.1,1.0,8M
NP_001191197.1,1.0,8M
NP_001191244.1,1.0,8M
NP_001191354.2,0.5714285714285714,8M
NP_001193.2,0.16666666666666663,8M
NP_001193928.1,1.0,8M
NP_001194.1,1.0,8M
NP_001195.2,0.7073170731707317,8M
NP_001202.5,0.5964912280701755,8M
NP_001209.1,0.4,8M
NP_001211.3,0.5203252032520325,8M
NP_001219.2,1.0,8M
NP_001222.3,0.5714285714285714,8M
NP_001223.2,0.8,8M
NP_001229804.1,0.9642857142857143,8M
NP_001229817.2,0.8416666666666667,8M
NP_001229825.1,0.6212121212121212,8M
NP_001229886.1,1.0,8M
NP_001230106.1,0.0,8M
NP_001230695.2,0.6019736842105263,8M
NP_001231118.1,0.5555555555555556,8M
NP_001233.2,1.0,8M
NP_001242976.1,0.8333333333333334,8M
NP_001243169.1,0.65,8M
NP_001243328.1,0.0,8M
NP_001243371.1,0.6533333333333334,8M
NP_001243423.1,1.0,8M
NP_001243439.1,0.0,8M
NP_001243506.2,0.75,8M
NP_001243556.1,1.0,8M
NP_001243643.1,0.36363636363636365,8M
NP_001243805.1,0.5641025641025641,8M
NP_001244074.1,0.47619047619047616,8M
NP_001244159.1,0.43452380952380953,8M
NP_001244941.2,0.6851851851851852,8M
NP_001245150.1,0.5,8M
NP_001245218.1,0.5,8M
NP_001251.1,0.8333333333333334,8M
NP_001254507.1,0.1428571428571429,8M
NP_001254538.1,1.0,8M
NP_001255.4,0.23809523809523814,8M
NP_001258750.1,0.8888888888888888,8M
NP_001258928.1,0.0,8M
NP_001261.2,0.7,8M
NP_001262.3,0.6669928245270711,8M
NP_001264.2,0.7168458781362007,8M
NP_001265067.1,0.4897119341563786,8M
NP_001265273.1,0.4122807017543859,8M
NP_001265868.1,0.4848484848484848,8M
NP_001269154.1,0.475,8M
NP_001269210.1,0.8307692307692308,8M
NP_001269333.1,0.41666666666666663,8M
NP_001269463.1,0.6666666666666666,8M
NP_001269613.2,0.6,8M
NP_001269862.1,1.0,8M
NP_001271165.2,0.6,8M
NP_001273003.2,0.7026086956521739,8M
NP_001273540.1,0.625,8M
NP_001273644.1,0.5,8M
NP_001274420.1,0.25,8M
NP_001275582.1,0.42857142857142855,8M
NP_001275676.1,0.5961538461538461,8M
NP_001275880.1,1.0,8M
NP_001275929.1,0.8222222222222222,8M
NP_001278.1,0.7254901960784312,8M
NP_001278585.2,0.34375,8M
NP_001278650.1,0.6675824175824177,8M
NP_001278933.1,0.7888888888888889,8M
NP_001284478.1,1.0,8M
NP_001287771.1,1.0,8M
NP_001287829.1,0.625,8M
NP_001288.3,0.5197132616487454,8M
NP_001288153.1,1.0,8M
NP_001289.1,0.6267123287671232,8M
NP_001290039.1,1.0,8M
NP_001290185.1,0.575091575091575,8M
NP_001290425.1,0.6100000000000001,8M
NP_001291646.4,0.6569717707442259,8M
NP_001293061.2,0.9060092449922958,8M
NP_001294.2,0.9500000000000001,8M
NP_001295205.1,0.6666666666666667,8M
NP_001298127.1,0.6666666666666667,8M
NP_001303260.1,0.75,8M
NP_001304019.1,0.75,8M
NP_001304919.1,0.0,8M
NP_001305092.1,1.0,8M
NP_001305781.1,0.8222222222222222,8M
NP_001307127.1,0.0,8M
NP_001307509.1,0.0,8M
NP_001307594.1,1.0,8M
NP_001307679.1,0.9523809523809524,8M
NP_001307852.1,0.5,8M
NP_001308031.1,1.0,8M
NP_001308943.1,0.6576923076923077,8M
NP_001308971.2,0.40384615384615385,8M
NP_001309774.1,0.9411764705882353,8M
NP_001309863.1,1.0,8M
NP_001313340.1,0.1428571428571429,8M
NP_001316485.1,0.75,8M
NP_001316843.1,0.5,8M
NP_001317619.1,0.08333333333333333,8M
NP_001317964.1,0.5625,8M
NP_001319.1,0.8,8M
NP_001323.1,0.6,8M
NP_001334748.1,0.25,8M
NP_001336584.1,0.9090909090909091,8M
NP_001336644.1,1.0,8M
NP_001340.2,0.3333333333333333,8M
NP_001340274.1,0.4851851851851852,8M
NP_001340741.2,1.0,8M
NP_001341530.2,0.3181818181818182,8M
NP_001349700.1,0.7857142857142857,8M
NP_001351.2,0.4969512195121951,8M
NP_001351952.1,0.6,8M
NP_001352.2,1.0,8M
NP_001352465.1,0.6283524904214559,8M
NP_001353076.1,0.35,8M
NP_001354752.1,0.15000000000000002,8M
NP_001354903.1,1.0,8M
NP_001354906.1,1.0,8M
NP_001355738.1,0.0,8M
NP_001355847.1,0.8257575757575757,8M
NP_001356.1,0.75,8M
NP_001356355.1,0.5,8M
NP_001357188.2,0.5583333333333333,8M
NP_001357524.1,0.1428571428571429,8M
NP_001357587.1,0.7294117647058824,8M
NP_001358001.1,0.5,8M
NP_001358995.1,0.72,8M
NP_001359162.1,0.8,8M
NP_001365406.2,1.0,8M
NP_001365421.1,0.696969696969697,8M
NP_001366127.1,0.6406976744186046,8M
NP_001366380.1,0.5555555555555556,8M
NP_001366429.1,1.0,8M
NP_001366543.1,0.33333333333333337,8M
NP_001368914.1,0.5,8M
NP_001369746.2,0.4,8M
NP_001373.2,0.46153846153846156,8M
NP_001374.4,0.4583333333333333,8M
NP_001374178.1,0.5,8M
NP_001376.1,0.49999999999999994,8M
NP_001377.1,1.0,8M
NP_001380.2,0.8888888888888888,8M
NP_001380429.1,0.33333333333333337,8M
NP_001387.2,0.9434523809523809,8M
NP_001388.1,0.6,8M
NP_001390.1,0.6595588235294118,8M
NP_001412.1,0.5,8M
NP_001421.2,0.4387755102040817,8M
NP_001431.1,0.5,8M
NP_001439.2,0.0,8M
NP_001440.2,1.0,8M
NP_001442.2,0.6875,8M
NP_001444.2,0.44444444444444453,8M
NP_001457.1,0.14814814814814817,8M
NP_001461.1,0.8,8M
NP_001469.1,0.6666666666666667,8M
NP_001473.1,0.33333333333333337,8M
NP_001482.1,0.5,8M
NP_001483.3,0.3,8M
NP_001484.1,1.0,8M
NP_001501.2,0.8333333333333334,8M
NP_001510.2,0.375,8M
NP_001511.2,0.75,8M
NP_001521.1,0.5714285714285714,8M
NP_001529.2,0.6,8M
NP_001531.1,0.6851851851851852,8M
NP_001534.1,0.19999999999999996,8M
NP_001547.1,0.9444444444444444,8M
NP_001548.1,0.5555555555555556,8M
NP_001549.2,0.7678571428571429,8M
NP_001554.2,0.9444444444444444,8M
NP_001596.2,0.49230769230769234,8M
NP_001600.1,0.625,8M
NP_001605.1,0.6309523809523809,8M
NP_001616.1,0.8214285714285714,8M
NP_001617.1,1.0,8M
NP_001640.1,0.1428571428571429,8M
NP_001642.1,1.0,8M
NP_001671.2,0.6666666666666667,8M
NP_001672.1,0.8235294117647058,8M
NP_001681.2,0.2222222222222222,8M
NP_001683.2,0.9444444444444445,8M
NP_001684.2,0.43333333333333335,8M
NP_001687.1,1.0,8M
NP_001689.1,0.9166666666666667,8M
NP_001702.1,0.0,8M
NP_001708.3,0.33333333333333337,8M
NP_001709.1,1.0,8M
NP_001730.1,0.75,8M
NP_001745.2,0.5499999999999999,8M
NP_001750.1,0.2777777777777778,8M
NP_001759.3,1.0,8M
NP_001761.3,1.0,8M
NP_001774.1,1.0,8M
NP_001783.2,0.5666666666666667,8M
NP_001784.2,0.9444444444444444,8M
NP_001785.2,0.0,8M
NP_001796.2,0.0,8M
NP_001813.1,0.3333333333333333,8M
NP_001821.2,0.8051470588235294,8M
NP_001835.3,0.969364802787898,8M
NP_001837.2,0.9783783783783784,8M
NP_001839.2,0.9525252525252526,8M
NP_001840.3,0.9547930283224401,8M
NP_001843.1,0.8947368421052632,8M
NP_001845.3,0.9844771241830066,8M
NP_001850.1,1.0,8M
NP_001859.1,0.8181818181818181,8M
NP_001866.2,0.5562770562770561,8M
NP_001867.2,0.5614973262032086,8M
NP_001876.1,0.6666666666666666,8M
NP_001877.1,0.5,8M
NP_001878.1,0.4444444444444445,8M
NP_001895.1,0.7857142857142856,8M
NP_001905.1,1.0,8M
NP_001907.3,1.0,8M
NP_001908.3,0.5,8M
NP_001909.4,0.9423076923076923,8M
NP_001914.3,0.0,8M
NP_001918.3,0.7241379310344828,8M
NP_001922.2,0.5576923076923077,8M
NP_001928.2,1.0,8M
NP_001934.2,0.6466666666666666,8M
NP_001944.1,0.3761904761904762,8M
NP_001949.1,0.5381818181818182,8M
NP_001952.1,0.6666666666666667,8M
NP_001963.1,0.8688888888888888,8M
NP_001973.2,0.611111111111111,8M
NP_001976.1,0.625,8M
NP_001978.1,1.0,8M
NP_002001.1,0.5,8M
NP_002008.2,0.8,8M
NP_002009.1,0.5,8M
NP_002011.2,0.9444444444444444,8M
NP_002015.1,0.9285714285714286,8M
NP_002016.2,0.40625,8M
NP_002038.2,0.2727272727272727,8M
NP_002040.1,0.7593984962406015,8M
NP_002043.2,0.9090909090909091,8M
NP_002046.1,0.5477272727272727,8M
NP_002056.2,0.0,8M
NP_002058.2,0.75,8M
NP_002060.4,1.0,8M
NP_002063.2,0.5,8M
NP_002065.1,0.595,8M
NP_002067.1,1.0,8M
NP_002071.2,0.4444444444444444,8M
NP_002078.1,1.0,8M
NP_002100.2,0.6111111111111112,8M
NP_002104.2,0.5,8M
NP_002131.2,0.4166666666666667,8M
NP_002147.2,0.0,8M
NP_002151.2,0.1071428571428571,8M
NP_002159.2,0.5,8M
NP_002171.2,0.7757936507936508,8M
NP_002172.2,0.8095238095238095,8M
NP_002176.2,0.9166666666666666,8M
NP_002195.1,0.7777777777777778,8M
NP_002212.3,0.6666666666666667,8M
NP_002217.3,0.5,8M
NP_002226.1,1.0,8M
NP_002231.1,1.0,8M
NP_002232.2,0.5,8M
NP_002233.2,0.6666666666666667,8M
NP_002237.1,0.5,8M
NP_002238.2,0.4666666666666667,8M
NP_002240.3,0.6,8M
NP_002241.1,0.8,8M
NP_002244.1,0.8333333333333334,8M
NP_002258.2,1.0,8M
NP_002283.3,0.5192307692307692,8M
NP_002287.2,0.6,8M
NP_002290.2,0.7916666666666666,8M
NP_002294.2,0.5555555555555556,8M
NP_002307.2,0.9391304347826087,8M
NP_002308.2,0.05555555555555554,8M
NP_002325.2,0.9615384615384616,8M
NP_002326.2,0.8946808510638299,8M
NP_002327.2,0.8235294117647058,8M
NP_002372.1,0.625,8M
NP_002380.3,0.75,8M
NP_002388.2,0.47058823529411764,8M
NP_002392.2,1.0,8M
NP_002393.2,0.0,8M
NP_002411.3,0.543010752688172,8M
NP_002418.1,0.41666666666666663,8M
NP_002421.3,0.5,8M
NP_002426.1,0.75,8M
NP_002428.1,0.08333333333333333,8M
NP_002430.3,0.55,8M
NP_002431.2,1.0,8M
NP_002435.1,0.3181818181818182,8M
NP_002440.2,0.9166666666666667,8M
NP_002445.2,0.7647058823529411,8M
NP_002456.2,0.6944444444444443,8M
NP_002460.1,0.75,8M
NP_002461.2,0.4506802721088435,8M
NP_002462.2,0.3557692307692308,8M
NP_002463.2,0.31818181818181823,8M
NP_002464.1,0.45158730158730154,8M
NP_002476.2,0.20588235294117646,8M
NP_002486.1,1.0,8M
NP_002492.2,0.2826086956521739,8M
NP_002509.2,1.0,8M
NP_002519.2,1.0,8M
NP_002520.2,0.8330434782608696,8M
NP_002538.1,0.5595238095238095,8M
NP_002543.2,0.5,8M
NP_002569.1,0.9,8M
NP_002573.1,0.5,8M
NP_002576.1,0.4545454545454546,8M
NP_002599.1,0.75,8M
NP_002600.1,0.48906789413118523,8M
NP_002606.3,0.6666666666666667,8M
NP_002612.1,1.0,8M
NP_002624.2,0.64,8M
NP_002632.1,0.6428571428571428,8M
NP_002633.1,1.0,8M
NP_002644.4,0.0,8M
NP_002652.2,0.7000000000000001,8M
NP_002653.1,0.6333333333333333,8M
NP_002668.1,0.8571428571428572,8M
NP_002682.2,0.4444444444444445,8M
NP_002684.1,0.3032212885154062,8M
NP_002706.1,0.5641025641025641,8M
NP_002725.1,0.5,8M
NP_002730.1,0.7222222222222222,8M
NP_002733.2,0.8636363636363635,8M
NP_002746.1,0.8166666666666667,8M
NP_002755.1,0.8823529411764706,8M
NP_002759.2,0.0,8M
NP_002760.1,0.6666666666666666,8M
NP_002766.1,0.7846153846153846,8M
NP_002769.1,0.8095238095238095,8M
NP_002791.1,0.0,8M
NP_002825.3,0.5829545454545455,8M
NP_002829.3,1.0,8M
NP_002851.2,0.6691176470588236,8M
NP_002854.3,0.5075757575757576,8M
NP_002863.1,1.0,8M
NP_002866.2,0.5,8M
NP_002871.1,0.6176470588235293,8M
NP_002878.2,0.5357142857142857,8M
NP_002885.1,0.5,8M
NP_002891.1,0.37037037037037035,8M
NP_002896.2,0.8518518518518519,8M
NP_002920.1,1.0,8M
NP_002927.2,0.6666666666666667,8M
NP_002932.1,0.9047619047619048,8M
NP_002959.2,0.7352941176470589,8M
NP_002963.2,0.09090909090909094,8M
NP_002991.2,0.7171717171717172,8M
NP_002992.1,0.5555555555555556,8M
NP_002993.1,0.3942307692307693,8M
NP_003005.2,0.8333333333333334,8M
NP_003009.2,0.1111111111111111,8M
NP_003014.3,0.25210084033613445,8M
NP_003026.2,0.5,8M
NP_003027.1,0.41148325358851673,8M
NP_003029.2,0.6666666666666667,8M
NP_003032.1,1.0,8M
NP_003033.3,0.5438209331651955,8M
NP_003038.2,0.5,8M
NP_003043.3,1.0,8M
NP_003045.2,1.0,8M
NP_003046.2,0.75,8M
NP_003051.1,0.860248447204969,8M
NP_003061.3,0.6674152256905458,8M
NP_003064.2,0.875,8M
NP_003066.2,0.5833333333333333,8M
NP_003070.3,0.7777777777777778,8M
NP_003089.1,0.8571428571428572,8M
NP_003095.2,1.0,8M
NP_003097.1,0.8444444444444444,8M
NP_003098.1,1.0,8M
NP_003099.1,0.5,8M
NP_003110.1,0.65,8M
NP_003127.1,1.0,8M
NP_003147.2,0.6349206349206349,8M
NP_003150.1,0.9692049272116461,8M
NP_003156.1,0.5339721254355401,8M
NP_003163.1,0.2916666666666667,8M
NP_003165.2,0.5714285714285714,8M
NP_003168.2,1.0,8M
NP_003184.1,0.7575757575757576,8M
NP_003192.1,0.6666666666666667,8M
NP_003212.2,1.0,8M
NP_003218.2,0.5833333333333334,8M
NP_003229.1,0.4615384615384615,8M
NP_003230.1,0.55,8M
NP_003233.4,0.7745098039215687,8M
NP_003237.2,0.0,8M
NP_003276.3,0.75,8M
NP_003280.2,0.7692307692307693,8M
NP_003292.1,1.0,8M
NP_003312.3,0.0,8M
NP_003313.3,0.41496598639455784,8M
NP_003325.2,0.30000000000000004,8M
NP_003350.1,0.3333333333333333,8M
NP_003352.2,0.6597402597402597,8M
NP_003357.2,0.5,8M
NP_003374.3,0.625,8M
NP_003383.4,0.5416666666666666,8M
NP_003385.2,0.5,8M
NP_003394.1,0.9285714285714286,8M
NP_003403.2,0.7777777777777779,8M
NP_003404.1,0.7619047619047619,8M
NP_003457.1,1.0,8M
NP_003461.2,0.38888888888888884,8M
NP_003467.1,1.0,8M
NP_003468.2,0.65,8M
NP_003482.1,1.0,8M
NP_003485.1,0.5719874804381847,8M
NP_003551.2,0.7320754716981132,8M
NP_003570.2,0.9312499999999999,8M
NP_003578.2,0.8333333333333334,8M
NP_003579.3,0.5,8M
NP_003581.1,0.4375,8M
NP_003592.3,1.0,8M
NP_003602.1,0.7441860465116279,8M
NP_003611.1,1.0,8M
NP_003621.1,1.0,8M
NP_003623.1,0.625,8M
NP_003631.2,0.39473684210526316,8M
NP_003638.1,1.0,8M
NP_003651.1,1.0,8M
NP_003667.1,0.9166666666666667,8M
NP_003671.1,0.625,8M
NP_003672.1,0.5,8M
NP_003679.2,0.6962962962962963,8M
NP_003681.1,0.25,8M
NP_003696.2,1.0,8M
NP_003709.3,0.8691666666666666,8M
NP_003712.1,1.0,8M
NP_003713.3,0.4858974358974359,8M
NP_003733.2,0.8695324283559577,8M
NP_003745.1,0.0,8M
NP_003755.2,1.0,8M
NP_003782.1,0.2142857142857143,8M
NP_003784.2,0.2142857142857143,8M
NP_003788.2,0.5,8M
NP_003792.1,0.22222222222222227,8M
NP_003796.1,1.0,8M
NP_003826.2,0.0,8M
NP_003830.1,0.7333333333333333,8M
NP_003840.2,0.8333333333333334,8M
NP_003841.1,0.6555555555555556,8M
NP_003854.1,1.0,8M
NP_003856.1,1.0,8M
NP_003871.1,0.8222222222222222,8M
NP_003874.2,1.0,8M
NP_003886.3,0.52,8M
NP_003887.3,0.6666666666666666,8M
NP_003891.1,0.23333333333333334,8M
NP_003892.2,1.0,8M
NP_003898.2,0.7045454545454546,8M
NP_003910.1,0.5625,8M
NP_003914.1,0.10416666666666666,8M
NP_003915.2,0.22222222222222224,8M
NP_003916.1,0.625,8M
NP_003928.1,0.375,8M
NP_003968.3,1.0,8M
NP_003969.2,0.16666666666666663,8M
NP_003982.1,1.0,8M
NP_003986.2,0.7222222222222222,8M
NP_003989.2,0.5,8M
NP_003990.1,0.5833333333333333,8M
NP_003995.2,0.4450549450549451,8M
NP_004010.1,0.6857142857142858,8M
NP_004026.2,0.0,8M
NP_004035.2,1.0,8M
NP_004046.2,0.5303030303030303,8M
NP_004067.1,0.8333333333333334,8M
NP_004073.2,0.40372670807453415,8M
NP_004076.1,1.0,8M
NP_004077.1,0.6785714285714285,8M
NP_004083.3,0.9,8M
NP_004091.3,0.5,8M
NP_004105.1,0.0,8M
NP_004125.3,1.0,8M
NP_004144.2,0.7090909090909091,8M
NP_004159.2,0.7380952380952381,8M
NP_004161.4,1.0,8M
NP_004162.2,0.717687074829932,8M
NP_004165.2,0.8636363636363635,8M
NP_004167.3,0.4375,8M
NP_004172.2,0.0,8M
NP_004174.1,0.5477651183172656,8M
NP_004175.2,0.0,8M
NP_004178.2,0.4704761904761905,8M
NP_004179.3,0.5833333333333333,8M
NP_004195.2,0.11764705882352944,8M
NP_004199.1,0.7802197802197802,8M
NP_004202.4,0.6122448979591837,8M
NP_004209.2,1.0,8M
NP_004229.1,0.6,8M
NP_004230.2,0.5172413793103448,8M
NP_004238.3,0.7166666666666668,8M
NP_004251.4,0.5271317829457365,8M
NP_004259.3,0.6666666666666667,8M
NP_004264.2,0.7222222222222222,8M
NP_004269.1,0.5,8M
NP_004270.2,1.0,8M
NP_004272.2,0.7777777777777778,8M
NP_004278.2,1.0,8M
NP_004288.1,1.0,8M
NP_004290.2,0.388235294117647,8M
NP_004295.2,0.5214285714285715,8M
NP_004302.1,1.0,8M
NP_004312.2,0.8370142577578976,8M
NP_004319.1,0.9117647058823529,8M
NP_004320.2,1.0,8M
NP_004324.2,0.7090909090909091,8M
NP_004332.2,0.25,8M
NP_004351.1,0.7086776859504131,8M
NP_004355.2,1.0,8M
NP_004357.3,0.5625,8M
NP_004362.2,0.5833333333333334,8M
NP_004367.2,0.75,8M
NP_004378.1,0.8703703703703705,8M
NP_004388.2,1.0,8M
NP_004399.2,0.4741496598639455,8M
NP_004416.2,0.625,8M
NP_004420.1,0.3111111111111111,8M
NP_004422.2,1.0,8M
NP_004429.1,1.0,8M
NP_004435.3,0.8716475095785441,8M
NP_004437.2,0.2222222222222222,8M
NP_004439.2,0.9473684210526316,8M
NP_004443.3,0.6666666666666667,8M
NP_004444.2,0.4342105263157895,8M
NP_004447.2,0.3582887700534759,8M
NP_004449.1,0.8333333333333334,8M
NP_004454.2,0.7222222222222222,8M
NP_004456.1,0.25,8M
NP_004472.1,0.6666666666666666,8M
NP_004473.2,1.0,8M
NP_004475.1,0.6612903225806452,8M
NP_004482.4,1.0,8M
NP_004484.1,0.925,8M
NP_004510.1,0.9117647058823529,8M
NP_004512.1,1.0,8M
NP_004513.1,1.0,8M
NP_004514.2,0.34558823529411764,8M
NP_004517.2,0.2142857142857143,8M
NP_004521.1,0.16666666666666663,8M
NP_004526.1,0.8333333333333334,8M
NP_004532.1,1.0,8M
NP_004535.1,0.0,8M
NP_004541.1,0.8,8M
NP_004542.1,0.0,8M
NP_004551.2,0.6628571428571428,8M
NP_004553.2,0.6923076923076923,8M
NP_004555.1,0.0,8M
NP_004563.2,0.9571428571428571,8M
NP_004571.2,1.0,8M
NP_004577.1,0.8260869565217391,8M
NP_004580.1,1.0,8M
NP_004586.2,0.6923076923076923,8M
NP_004587.1,1.0,8M
NP_004599.2,0.4444444444444445,8M
NP_004603.1,0.6165413533834586,8M
NP_004605.4,0.40476190476190477,8M
NP_004612.2,0.825,8M
NP_004616.2,0.0,8M
NP_004619.3,0.5625,8M
NP_004620.1,0.8571428571428571,8M
NP_004628.4,1.0,8M
NP_004637.1,0.9100303951367781,8M
NP_004647.1,0.6428571428571428,8M
NP_004654.1,0.0,8M
NP_004665.2,0.0,8M
NP_004688.2,0.25,8M
NP_004689.1,1.0,8M
NP_004691.2,0.76,8M
NP_004704.3,0.33333333333333337,8M
NP_004705.1,0.8333333333333334,8M
NP_004713.2,0.3333333333333333,8M
NP_004728.1,0.4,8M
NP_004729.1,1.0,8M
NP_004735.2,0.0,8M
NP_004741.1,0.5,8M
NP_004743.1,0.46153846153846156,8M
NP_004762.2,0.8,8M
NP_004764.1,1.0,8M
NP_004773.1,0.5,8M
NP_004784.2,0.6796875,8M
NP_004786.2,1.0,8M
NP_004804.2,0.375,8M
NP_004808.2,0.76,8M
NP_004809.2,0.0,8M
NP_004811.1,0.9090909090909091,8M
NP_004817.2,0.8181818181818182,8M
NP_004827.4,0.7272727272727273,8M
NP_004846.4,0.6,8M
NP_004853.2,0.6,8M
NP_004854.1,0.9583333333333334,8M
NP_004861.2,0.33333333333333337,8M
NP_004886.3,0.6587301587301587,8M
NP_004888.2,0.0,8M
NP_004915.2,0.5625,8M
NP_004919.1,0.9423076923076923,8M
NP_004928.2,0.517094017094017,8M
NP_004936.2,0.4519230769230769,8M
NP_004937.1,0.9090909090909091,8M
NP_004950.2,0.42424242424242425,8M
NP_004951.1,0.40740740740740744,8M
NP_004954.2,0.39999999999999997,8M
NP_004961.1,1.0,8M
NP_004963.1,0.625,8M
NP_004964.2,0.5333333333333333,8M
NP_004965.1,0.7947214076246334,8M
NP_004966.1,0.8021399456521738,8M
NP_004968.2,0.6607142857142857,8M
NP_004971.2,0.8125,8M
NP_004973.1,0.33333333333333337,8M
NP_004975.2,0.8482207697893972,8M
NP_004981.2,0.0,8M
NP_004985.2,1.0,8M
NP_004989.2,0.16666666666666663,8M
NP_004990.3,0.08333333333333333,8M
NP_004993.1,1.0,8M
NP_004997.4,0.8333333333333334,8M
NP_005008.2,0.5816326530612245,8M
NP_005013.1,0.0,8M
NP_005016.1,0.46875,8M
NP_005017.3,0.4,8M
NP_005018.2,0.3151515151515152,8M
NP_005041.1,0.5,8M
NP_005042.1,0.6666666666666666,8M
NP_005046.2,0.6923076923076923,8M
NP_005052.1,1.0,8M
NP_005059.2,0.0,8M
NP_005076.3,0.33333333333333337,8M
NP_005085.2,0.625,8M
NP_005111.2,0.6750000000000002,8M
NP_005112.2,0.41346153846153844,8M
NP_005114.1,1.0,8M
NP_005129.2,1.0,8M
NP_005132.2,0.9,8M
NP_005133.2,0.2857142857142857,8M
NP_005135.2,0.921875,8M
NP_005140.1,1.0,8M
NP_005174.2,0.688888888888889,8M
NP_005179.2,0.6410256410256411,8M
NP_005190.4,0.6666666666666667,8M
NP_005202.2,0.9769696969696969,8M
NP_005205.2,1.0,8M
NP_005206.2,1.0,8M
NP_005207.3,0.75,8M
NP_005211.1,1.0,8M
NP_005212.1,1.0,8M
NP_005219.2,0.7692307692307692,8M
NP_005226.1,0.9583333333333334,8M
NP_005227.1,0.49999999999999994,8M
NP_005238.1,1.0,8M
NP_005240.3,0.3384773662551441,8M
NP_005242.1,0.9375,8M
NP_005248.2,0.9285714285714286,8M
NP_005253.3,0.8,8M
NP_005254.2,0.2222222222222222,8M
NP_005258.2,0.3782051282051282,8M
NP_005262.1,0.39743589743589747,8M
NP_005263.1,0.5,8M
NP_005264.2,1.0,8M
NP_005324.3,0.16666666666666663,8M
NP_005325.2,0.6,8M
NP_005328.2,0.28571428571428575,8M
NP_005334.1,0.88,8M
NP_005340.2,1.0,8M
NP_005350.1,0.5238095238095237,8M
NP_005351.2,0.8021978021978022,8M
NP_005364.1,0.6071428571428572,8M
NP_005369.2,0.8,8M
NP_005391.1,1.0,8M
NP_005393.2,1.0,8M
NP_005403.2,1.0,8M
NP_005404.1,0.625,8M
NP_005410.1,0.5714285714285714,8M
NP_005413.2,0.39545454545454545,8M
NP_005421.1,1.0,8M
NP_005436.1,0.5533333333333333,8M
NP_005439.2,0.6428571428571429,8M
NP_005441.1,0.33333333333333337,8M
NP_005449.5,0.6706081081081081,8M
NP_005452.2,1.0,8M
NP_005466.1,0.625,8M
NP_005468.1,0.7590909090909091,8M
NP_005493.2,0.6507936507936508,8M
NP_005506.3,0.7777777777777778,8M
NP_005509.1,0.09090909090909091,8M
NP_005521.1,0.6666666666666667,8M
NP_005526.1,0.4523809523809524,8M
NP_005545.1,0.6538461538461537,8M
NP_005546.2,0.24242424242424238,8M
NP_005548.2,0.48125,8M
NP_005553.2,1.0,8M
NP_005557.1,0.5,8M
NP_005563.1,0.9044585987261147,8M
NP_005564.1,0.5,8M
NP_005576.3,0.3653846153846154,8M
NP_005582.1,0.5,8M
NP_005583.1,0.75,8M
NP_005586.1,0.5,8M
NP_005594.2,0.75,8M
NP_005600.1,0.638095238095238,8M
NP_005609.3,0.0,8M
NP_005620.1,0.6054131054131054,8M
NP_005621.2,0.8095238095238095,8M
NP_005622.1,0.7916666666666667,8M
NP_005624.2,0.563265306122449,8M
NP_005632.1,0.5,8M
NP_005641.1,0.9523809523809523,8M
NP_005645.1,0.2564102564102564,8M
NP_005655.1,1.0,8M
NP_005661.1,0.0,8M
NP_005667.2,0.8571428571428572,8M
NP_005668.2,0.54,8M
NP_005673.3,0.6510416666666666,8M
NP_005678.3,0.5,8M
NP_005680.1,0.9090909090909091,8M
NP_005682.2,1.0,8M
NP_005699.1,1.0,8M
NP_005700.2,1.0,8M
NP_005701.1,0.16666666666666666,8M
NP_005711.1,0.8333333333333334,8M
NP_005723.2,0.5454545454545454,8M
NP_005754.2,0.875,8M
NP_005756.2,0.75,8M
NP_005778.1,0.8,8M
NP_005848.2,0.5,8M
NP_005850.1,0.7837837837837838,8M
NP_005852.2,1.0,8M
NP_005853.2,0.48750000000000004,8M
NP_005857.1,0.5,8M
NP_005887.2,0.4166666666666667,8M
NP_005893.1,0.8695652173913044,8M
NP_005899.3,0.33333333333333337,8M
NP_005901.2,0.8194444444444445,8M
NP_005903.2,0.8703703703703703,8M
NP_005907.3,1.0,8M
NP_005912.1,0.8521739130434782,8M
NP_005923.3,0.3571428571428571,8M
NP_005934.2,0.6875,8M
NP_005947.3,0.18518518518518523,8M
NP_005948.3,0.39629629629629626,8M
NP_005955.3,0.5,8M
NP_005973.1,0.6000000000000001,8M
NP_005984.3,0.6513157894736842,8M
NP_005985.3,0.25,8M
NP_005987.3,0.41666666666666663,8M
NP_005991.1,1.0,8M
NP_005994.2,1.0,8M
NP_005996.2,0.5236363636363636,8M
NP_006000.2,0.7181208053691275,8M
NP_006006.3,0.6396396396396397,8M
NP_006008.1,0.9285714285714286,8M
NP_006010.2,0.8222222222222222,8M
NP_006021.2,0.7777777777777778,8M
NP_006026.3,0.7676767676767676,8M
NP_006027.2,0.4666666666666667,8M
NP_006028.2,0.23076923076923078,8M
NP_006051.1,1.0,8M
NP_006054.2,0.19999999999999996,8M
NP_006061.2,1.0,8M
NP_006068.2,0.5,8M
NP_006070.2,1.0,8M
NP_006077.2,0.5225225225225225,8M
NP_006078.2,0.5212121212121212,8M
NP_006112.3,0.6105769230769231,8M
NP_006114.1,0.8005747126436782,8M
NP_006120.1,0.8333333333333334,8M
NP_006138.1,0.761904761904762,8M
NP_006149.2,0.4615384615384615,8M
NP_006151.3,1.0,8M
NP_006155.2,0.9047619047619048,8M
NP_006168.1,0.5714285714285714,8M
NP_006170.1,0.0,8M
NP_006171.2,0.9166666666666666,8M
NP_006173.2,1.0,8M
NP_006177.1,0.7,8M
NP_006183.2,0.8181818181818181,8M
NP_006185.1,0.6,8M
NP_006195.3,0.4897959183673469,8M
NP_006197.1,0.8666666666666667,8M
NP_006199.2,0.9285714285714286,8M
NP_006205.1,0.9166666666666667,8M
NP_006209.2,0.6125,8M
NP_006222.2,0.978494623655914,8M
NP_006236.1,0.36904761904761907,8M
NP_006249.1,1.0,8M
NP_006252.4,1.0,8M
NP_006256.1,0.8571428571428571,8M
NP_006259.1,1.0,8M
NP_006260.1,0.46031746031746035,8M
NP_006281.1,0.0,8M
NP_006286.1,0.4444444444444445,8M
NP_006293.2,1.0,8M
NP_006294.2,0.6,8M
NP_006297.2,0.532258064516129,8M
NP_006334.2,0.9595959595959597,8M
NP_006339.4,0.0,8M
NP_006350.1,0.875,8M
NP_006354.2,0.8222222222222222,8M
NP_006355.2,1.0,8M
NP_006362.1,0.6666666666666667,8M
NP_006381.2,1.0,8M
NP_006386.1,1.0,8M
NP_006388.2,0.44,8M
NP_006403.2,0.6666666666666666,8M
NP_006406.1,0.45,8M
NP_006412.2,0.33333333333333337,8M
NP_006423.1,0.3333333333333333,8M
NP_006450.2,0.0,8M
NP_006454.1,0.3333333333333333,8M
NP_006484.2,0.4,8M
NP_006485.2,0.55,8M
NP_006487.1,1.0,8M
NP_006504.2,1.0,8M
NP_006507.2,0.89375,8M
NP_006508.2,0.7263157894736841,8M
NP_006512.2,0.35,8M
NP_006525.2,1.0,8M
NP_006536.3,0.5,8M
NP_006554.1,0.4444444444444444,8M
NP_006556.1,0.8055555555555556,8M
NP_006558.1,0.6405228758169934,8M
NP_006570.1,0.6979166666666667,8M
NP_006584.1,0.4027777777777778,8M
NP_006585.2,0.0,8M
NP_006603.2,0.6000000000000001,8M
NP_006614.2,0.5555555555555556,8M
NP_006615.2,0.7954545454545454,8M
NP_006651.2,1.0,8M
NP_006693.3,0.8571428571428571,8M
NP_006736.1,1.0,8M
NP_006740.1,0.6805555555555556,8M
NP_006746.1,0.25,8M
NP_006748.1,0.33333333333333337,8M
NP_006756.2,1.0,8M
NP_006757.2,0.6617977528089888,8M
NP_006758.2,0.6476190476190475,8M
NP_006763.2,0.5690133037694013,8M
NP_006774.2,0.5833333333333334,8M
NP_006787.2,0.40151515151515155,8M
NP_006822.1,1.0,8M
NP_006843.2,0.8333333333333334,8M
NP_006850.2,0.5,8M
NP_006851.1,0.33333333333333337,8M
NP_006867.1,0.7,8M
NP_006874.1,0.5555555555555556,8M
NP_008822.2,0.5,8M
NP_008823.1,0.40625,8M
NP_008825.4,0.8484848484848485,8M
NP_008846.2,0.6439393939393939,8M
NP_008853.3,0.7453769559032716,8M
NP_008860.4,0.9230769230769231,8M
NP_008870.2,0.361344537815126,8M
NP_008871.3,0.823529411764706,8M
NP_008872.1,0.9285714285714286,8M
NP_008880.2,0.5535714285714286,8M
NP_008909.1,1.0,8M
NP_008919.3,0.7777777777777778,8M
NP_008927.1,1.0,8M
NP_008986.2,0.5714285714285714,8M
NP_008990.2,1.0,8M
NP_009004.2,0.5,8M
NP_009005.1,0.5,8M
NP_009006.2,0.6785714285714286,8M
NP_009008.2,1.0,8M
NP_009009.1,0.3728813559322034,8M
NP_009029.3,0.4444444444444444,8M
NP_009034.2,0.3157894736842105,8M
NP_009051.1,0.7272727272727273,8M
NP_009057.1,0.88,8M
NP_009060.2,1.0,8M
NP_009075.1,0.43589743589743585,8M
NP_009125.1,0.8125,8M
NP_009129.1,0.6,8M
NP_009139.1,1.0,8M
NP_009146.2,0.8333333333333334,8M
NP_009185.2,0.8,8M
NP_009186.1,1.0,8M
NP_009190.2,0.11111111111111112,8M
NP_009193.2,0.5555555555555556,8M
NP_009203.2,1.0,8M
NP_009220.2,0.6874999999999999,8M
NP_009225.1,0.5814793975069252,8M
NP_009297.2,0.6172752808988764,8M
NP_009330.1,0.34210526315789475,8M
NP_015556.1,0.8428571428571427,8M
NP_015564.5,0.7636363636363637,8M
NP_015566.1,0.6023820430600091,8M
NP_031374.2,0.9,8M
NP_031399.2,0.2142857142857143,8M
NP_031400.2,0.5,8M
NP_031401.1,1.0,8M
NP_036192.2,0.625,8M
NP_036196.1,1.0,8M
NP_036205.1,0.0,8M
NP_036211.2,0.5,8M
NP_036214.2,0.6799999999999999,8M
NP_036234.3,0.660377358490566,8M
NP_036240.1,0.0,8M
NP_036255.2,0.578125,8M
NP_036276.1,0.8809523809523809,8M
NP_036288.2,0.8461538461538461,8M
NP_036292.2,0.9583333333333334,8M
NP_036311.3,0.9166666666666666,8M
NP_036318.1,0.4375,8M
NP_036320.2,1.0,8M
NP_036325.2,0.525,8M
NP_036332.2,0.7,8M
NP_036335.1,0.6964285714285714,8M
NP_036337.2,0.5,8M
NP_036340.1,0.8500000000000001,8M
NP_036342.2,1.0,8M
NP_036345.2,0.7272727272727273,8M
NP_036348.2,1.0,8M
NP_036356.1,0.9411764705882353,8M
NP_036361.1,0.33333333333333337,8M
NP_036375.1,1.0,8M
NP_036382.2,0.875,8M
NP_036407.1,1.0,8M
NP_036412.1,0.8095238095238095,8M
NP_036413.1,0.851851851851852,8M
NP_036425.1,0.2142857142857143,8M
NP_036442.3,0.5,8M
NP_036450.1,0.8571428571428572,8M
NP_036459.1,0.7792207792207791,8M
NP_036462.2,0.575,8M
NP_036470.1,0.5,8M
NP_036475.3,0.5,8M
NP_036546.2,0.6,8M
NP_036566.1,1.0,8M
NP_036579.2,1.0,8M
NP_036580.2,0.33333333333333337,8M
NP_036584.1,0.8,8M
NP_036595.2,0.8333333333333334,8M
NP_036596.3,1.0,8M
NP_036601.2,0.5,8M
NP_036602.1,1.0,8M
NP_036604.2,1.0,8M
NP_036610.2,0.6666666666666667,8M
NP_036611.2,0.8214285714285714,8M
NP_037377.1,1.0,8M
NP_037379.1,0.25,8M
NP_037383.1,0.0,8M
NP_037386.1,0.5454545454545454,8M
NP_037451.1,1.0,8M
NP_037460.2,1.0,8M
NP_037466.3,1.0,8M
NP_037468.1,0.6666666666666666,8M
NP_037471.2,0.5833333333333333,8M
NP_037514.2,0.4666666666666667,8M
NP_037518.3,1.0,8M
NP_037523.2,0.4285714285714286,8M
NP_038202.2,0.5,8M
NP_038460.4,0.8181818181818181,8M
NP_038472.2,0.7222222222222222,8M
NP_038475.2,0.2790697674418605,8M
NP_054701.1,0.7,8M
NP_054706.1,1.0,8M
NP_054722.2,0.41666666666666663,8M
NP_054728.2,0.4434389140271493,8M
NP_054733.2,0.7578947368421052,8M
NP_054742.2,0.625,8M
NP_054745.1,1.0,8M
NP_054768.2,0.7326388888888888,8M
NP_054772.1,0.75,8M
NP_054774.2,0.8,8M
NP_054799.4,0.696078431372549,8M
NP_054831.2,0.6558704453441295,8M
NP_054858.2,0.9560000000000001,8M
NP_054859.2,0.8854166666666667,8M
NP_055006.1,0.6342592592592593,8M
NP_055023.2,0.5125,8M
NP_055040.2,0.6703296703296704,8M
NP_055051.1,1.0,8M
NP_055054.1,0.875,8M
NP_055059.2,1.0,8M
NP_055064.1,0.8333333333333333,8M
NP_055066.1,0.975,8M
NP_055067.1,1.0,8M
NP_055069.1,0.8,8M
NP_055085.1,0.8615384615384616,8M
NP_055086.1,1.0,8M
NP_055112.2,0.7083333333333333,8M
NP_055120.1,1.0,8M
NP_055129.2,0.8235294117647058,8M
NP_055134.2,0.25,8M
NP_055139.4,1.0,8M
NP_055147.1,0.0,8M
NP_055151.3,0.4285714285714286,8M
NP_055177.2,0.7777777777777778,8M
NP_055180.1,0.7500000000000001,8M
NP_055197.2,1.0,8M
NP_055199.1,0.75,8M
NP_055238.1,0.5555555555555556,8M
NP_055282.1,0.4444444444444444,8M
NP_055306.1,0.8500000000000001,8M
NP_055331.1,0.38095238095238093,8M
NP_055400.1,0.6323529411764707,8M
NP_055414.2,0.8571428571428572,8M
NP_055440.1,0.640625,8M
NP_055448.1,0.5375,8M
NP_055454.1,1.0,8M
NP_055461.1,0.33333333333333337,8M
NP_055472.1,0.5,8M
NP_055484.3,0.0,8M
NP_055496.2,0.9285714285714286,8M
NP_055509.2,0.49999999999999994,8M
NP_055513.2,0.5,8M
NP_055527.1,0.9090909090909091,8M
NP_055529.2,0.6981481481481482,8M
NP_055543.2,0.0,8M
NP_055569.1,0.16666666666666669,8M
NP_055577.1,0.2,8M
NP_055595.2,0.20454545454545453,8M
NP_055610.1,0.9065384615384615,8M
NP_055612.2,1.0,8M
NP_055619.2,0.6086956521739131,8M
NP_055637.2,0.625,8M
NP_055660.1,0.5,8M
NP_055661.3,0.5555555555555556,8M
NP_055689.1,0.6751700680272109,8M
NP_055692.3,0.0,8M
NP_055713.1,1.0,8M
NP_055723.1,1.0,8M
NP_055742.2,0.8333333333333334,8M
NP_055744.2,0.9090909090909091,8M
NP_055761.2,0.7364493322859388,8M
NP_055771.4,0.44642857142857145,8M
NP_055775.2,1.0,8M
NP_055782.3,1.0,8M
NP_055790.1,0.5,8M
NP_055800.2,0.9411764705882353,8M
NP_055805.1,0.0,8M
NP_055824.1,1.0,8M
NP_055826.1,0.1875,8M
NP_055830.1,1.0,8M
NP_055840.2,0.7833333333333334,8M
NP_055844.2,0.6,8M
NP_055856.1,0.875,8M
NP_055862.1,0.5208333333333333,8M
NP_055884.2,0.2857142857142857,8M
NP_055887.3,0.3333333333333333,8M
NP_055891.1,1.0,8M
NP_055908.1,1.0,8M
NP_055915.2,0.6066066066066066,8M
NP_055917.1,0.5625,8M
NP_055929.1,0.8695652173913043,8M
NP_055940.3,0.42142857142857143,8M
NP_055975.1,0.4,8M
NP_055981.1,0.6728395061728396,8M
NP_056000.1,0.6282051282051282,8M
NP_056007.1,1.0,8M
NP_056028.2,1.0,8M
NP_056029.2,0.6428571428571428,8M
NP_056062.1,0.4,8M
NP_056080.1,0.75,8M
NP_056082.2,1.0,8M
NP_056085.1,0.0,8M
NP_056087.2,0.5294117647058824,8M
NP_056089.1,0.5,8M
NP_056090.1,0.6,8M
NP_056092.2,0.5375,8M
NP_056093.3,0.6428571428571428,8M
NP_056109.1,0.0,8M
NP_056110.2,0.5555555555555556,8M
NP_056146.1,0.16666666666666663,8M
NP_056150.1,0.5517241379310345,8M
NP_056155.1,0.546875,8M
NP_056170.2,1.0,8M
NP_056201.2,0.6388888888888888,8M
NP_056227.2,1.0,8M
NP_056240.2,0.04761904761904767,8M
NP_056241.3,1.0,8M
NP_056265.2,0.5833333333333333,8M
NP_056280.2,0.71875,8M
NP_056289.2,1.0,8M
NP_056303.3,0.6888888888888889,8M
NP_056321.2,0.4130434782608696,8M
NP_056346.3,0.43137254901960786,8M
NP_056348.2,0.0,8M
NP_056372.1,0.6666666666666666,8M
NP_056374.2,0.5774493705528189,8M
NP_056375.2,0.6497584541062801,8M
NP_056385.1,0.8961538461538462,8M
NP_056451.3,0.13333333333333333,8M
NP_056477.1,0.511904761904762,8M
NP_056480.1,0.9285714285714286,8M
NP_056496.1,0.25,8M
NP_056508.2,0.6153846153846154,8M
NP_056512.5,1.0,8M
NP_056517.1,1.0,8M
NP_056536.2,0.31999999999999995,8M
NP_056651.1,0.40476190476190477,8M
NP_056655.3,0.4285714285714286,8M
NP_056953.2,1.0,8M
NP_056968.1,0.46666666666666673,8M
NP_056979.1,0.33333333333333337,8M
NP_056980.2,0.40740740740740744,8M
NP_056989.2,1.0,8M
NP_056999.2,0.42592592592592593,8M
NP_057006.1,0.9166666666666666,8M
NP_057021.2,0.8333333333333334,8M
NP_057043.1,0.5,8M
NP_057049.5,1.0,8M
NP_057062.1,0.7717391304347826,8M
NP_057075.1,1.0,8M
NP_057090.2,0.6,8M
NP_057092.2,0.5,8M
NP_057097.2,0.6,8M
NP_057116.2,0.7142857142857142,8M
NP_057118.1,0.7142857142857143,8M
NP_057119.3,0.5714285714285715,8M
NP_057122.2,0.8571428571428571,8M
NP_057126.2,0.6666666666666667,8M
NP_057161.1,0.0,8M
NP_057182.1,0.5,8M
NP_057195.2,0.8076923076923076,8M
NP_057206.2,0.9,8M
NP_057240.3,0.5,8M
NP_057264.4,0.6666666666666667,8M
NP_057272.1,0.875,8M
NP_057278.2,0.6666666666666666,8M
NP_057287.2,0.6346153846153846,8M
NP_057288.1,0.5714285714285714,8M
NP_057303.2,0.5625,8M
NP_057331.2,0.4,8M
NP_057386.2,0.25,8M
NP_057390.1,1.0,8M
NP_057411.1,0.6666666666666667,8M
NP_057425.3,1.0,8M
NP_057444.2,1.0,8M
NP_057445.4,0.33333333333333337,8M
NP_057457.1,0.6018518518518519,8M
NP_057485.2,1.0,8M
NP_057613.4,1.0,8M
NP_057616.2,1.0,8M
NP_057623.2,1.0,8M
NP_057664.1,0.7105263157894737,8M
NP_057683.1,0.5,8M
NP_057688.3,0.7179487179487178,8M
NP_057732.2,1.0,8M
NP_057953.1,0.0,8M
NP_058432.1,0.375,8M
NP_058515.1,0.6176470588235294,8M
NP_058628.3,0.6666666666666667,8M
NP_058633.2,0.7142857142857143,8M
NP_058634.4,1.0,8M
NP_058637.1,1.0,8M
NP_058648.4,0.24193548387096775,8M
NP_058651.3,0.75,8M
NP_059129.3,1.0,8M
NP_059488.2,0.0,8M
NP_060004.3,0.5625,8M
NP_060011.1,1.0,8M
NP_060017.1,0.7500000000000001,8M
NP_060021.1,1.0,8M
NP_060033.3,0.09999999999999998,8M
NP_060035.2,0.75,8M
NP_060083.1,0.3148148148148148,8M
NP_060106.2,0.04761904761904767,8M
NP_060111.2,0.9222222222222222,8M
NP_060116.2,0.5833333333333333,8M
NP_060119.3,0.6666666666666666,8M
NP_060121.3,0.7277777777777777,8M
NP_060124.2,0.44642857142857145,8M
NP_060132.3,0.7333333333333333,8M
NP_060141.3,1.0,8M
NP_060167.2,1.0,8M
NP_060215.4,0.9,8M
NP_060221.2,1.0,8M
NP_060222.2,0.7,8M
NP_060225.4,0.6,8M
NP_060247.2,1.0,8M
NP_060269.3,0.375,8M
NP_060272.3,0.9565217391304348,8M
NP_060277.1,0.3846153846153846,8M
NP_060289.2,0.0,8M
NP_060297.1,1.0,8M
NP_060307.2,0.7,8M
NP_060311.1,0.0,8M
NP_060319.1,0.19999999999999996,8M
NP_060336.3,0.6111111111111112,8M
NP_060342.2,0.0,8M
NP_060345.2,0.8666666666666667,8M
NP_060352.1,0.5999999999999999,8M
NP_060379.2,0.4285714285714286,8M
NP_060399.1,0.6666666666666666,8M
NP_060404.4,0.4523809523809524,8M
NP_060420.2,0.07692307692307687,8M
NP_060476.2,0.6846153846153846,8M
NP_060496.2,0.6851851851851851,8M
NP_060521.4,0.88,8M
NP_060525.3,0.875,8M
NP_060530.3,0.8636363636363636,8M
NP_060545.3,0.6190476190476191,8M
NP_060546.2,1.0,8M
NP_060547.2,0.4444444444444444,8M
NP_060551.2,0.4166666666666667,8M
NP_060552.4,0.6770833333333334,8M
NP_060575.1,0.888888888888889,8M
NP_060579.3,0.7142857142857142,8M
NP_060586.2,0.6666666666666667,8M
NP_060592.2,0.5119047619047619,8M
NP_060595.3,0.6666666666666667,8M
NP_060597.4,0.18,8M
NP_060599.1,0.4444444444444444,8M
NP_060631.2,0.25,8M
NP_060658.3,0.6444444444444445,8M
NP_060661.3,0.7,8M
NP_060663.2,0.8157894736842105,8M
NP_060676.2,0.8,8M
NP_060700.2,0.7692307692307692,8M
NP_060733.4,0.6571428571428571,8M
NP_060762.3,0.2222222222222222,8M
NP_060764.3,0.6,8M
NP_060767.2,0.7750000000000001,8M
NP_060789.2,0.0,8M
NP_060798.2,0.8646616541353385,8M
NP_060814.4,0.8452380952380951,8M
NP_060829.2,0.5555555555555556,8M
NP_060844.2,0.1428571428571429,8M
NP_060859.4,0.8333333333333333,8M
NP_060921.3,0.3076923076923077,8M
NP_060950.3,0.4,8M
NP_060956.1,0.8179012345679012,8M
NP_060958.2,0.5396825396825398,8M
NP_061116.5,0.75,8M
NP_061154.1,0.5384615384615385,8M
NP_061155.2,0.8695652173913043,8M
NP_061169.2,0.0,8M
NP_061176.4,0.2941176470588235,8M
NP_061336.1,0.675,8M
NP_061485.1,0.5,8M
NP_061764.2,0.4358974358974359,8M
NP_061850.2,0.4444444444444445,8M
NP_061868.1,0.4,8M
NP_061896.1,0.5,8M
NP_061905.2,1.0,8M
NP_061923.2,0.47619047619047616,8M
NP_061928.4,0.5151515151515151,8M
NP_061929.2,0.0,8M
NP_061939.3,0.6444444444444444,8M
NP_061947.1,0.8831168831168831,8M
NP_061949.3,0.7272727272727273,8M
NP_061950.2,0.7532467532467533,8M
NP_061951.1,0.7272727272727273,8M
NP_061966.1,0.6363636363636364,8M
NP_061971.3,0.8787878787878788,8M
NP_061982.3,0.625,8M
NP_063916.1,0.967741935483871,8M
NP_063938.1,0.85,8M
NP_063940.1,0.5,8M
NP_063945.2,0.4027777777777778,8M
NP_064425.2,0.7692307692307692,8M
NP_064445.2,1.0,8M
NP_064450.3,0.19999999999999996,8M
NP_064502.9,0.6933333333333334,8M
NP_064543.3,0.75,8M
NP_064551.3,0.4895104895104896,8M
NP_064569.3,1.0,8M
NP_064576.1,0.6666666666666667,8M
NP_064608.2,0.43333333333333335,8M
NP_064612.2,0.375,8M
NP_064632.2,0.7012987012987012,8M
NP_064716.2,0.6474358974358975,8M
NP_065069.1,1.0,8M
NP_065071.1,0.5904761904761905,8M
NP_065094.3,0.5,8M
NP_065098.1,0.4444444444444444,8M
NP_065099.3,0.390625,8M
NP_065107.1,1.0,8M
NP_065109.1,0.475,8M
NP_065114.3,0.3,8M
NP_065134.1,0.44999999999999996,8M
NP_065166.2,0.5,8M
NP_065168.2,0.23076923076923078,8M
NP_065390.1,0.5833333333333333,8M
NP_065394.1,0.75,8M
NP_065434.1,0.6571428571428571,8M
NP_065682.2,0.7333333333333334,8M
NP_065683.2,0.5277777777777778,8M
NP_065685.1,0.8333333333333334,8M
NP_065689.1,0.5625,8M
NP_065690.2,1.0,8M
NP_065712.1,0.1,8M
NP_065731.3,0.0,8M
NP_065737.2,0.6190476190476191,8M
NP_065750.1,0.6190476190476191,8M
NP_065753.2,0.6,8M
NP_065770.1,1.0,8M
NP_065793.1,0.9,8M
NP_065796.2,0.7408906882591093,8M
NP_065811.1,0.5618789521228545,8M
NP_065822.2,1.0,8M
NP_065825.1,1.0,8M
NP_065842.1,0.8571428571428571,8M
NP_065851.1,0.7142857142857143,8M
NP_065857.1,1.0,8M
NP_065873.2,0.3911201179071481,8M
NP_065875.3,1.0,8M
NP_065970.2,0.8977272727272727,8M
NP_065979.1,0.64,8M
NP_065995.1,0.4722222222222222,8M
NP_066005.2,0.3666666666666667,8M
NP_066124.1,0.628968253968254,8M
NP_066264.4,0.4266666666666667,8M
NP_066268.1,0.8602941176470589,8M
NP_066269.1,1.0,8M
NP_066279.2,0.75,8M
NP_066287.2,0.6352639296187684,8M
NP_066288.2,0.6273148148148148,8M
NP_066360.1,0.75,8M
NP_066382.1,0.6666666666666666,8M
NP_066545.3,0.0,8M
NP_066550.2,0.5535714285714286,8M
NP_066552.2,0.33333333333333337,8M
NP_066566.3,0.16666666666666663,8M
NP_066918.2,0.11111111111111116,8M
NP_066925.1,0.6666666666666666,8M
NP_066956.1,0.8,8M
NP_066963.2,0.6875,8M
NP_066970.3,0.5714285714285714,8M
NP_066973.2,1.0,8M
NP_067032.3,0.6666666666666667,8M
NP_067045.1,0.8571428571428572,8M
NP_067063.1,0.0,8M
NP_067628.1,0.5,8M
NP_067632.2,0.3333333333333333,8M
NP_067638.3,0.42458677685950413,8M
NP_067641.2,0.4333333333333333,8M
NP_067642.1,0.6285714285714286,8M
NP_068369.1,1.0,8M
NP_068380.3,1.0,8M
NP_068556.2,0.8,8M
NP_068587.1,0.5,8M
NP_068602.2,0.6299999999999999,8M
NP_068603.4,0.5,8M
NP_068657.1,0.2666666666666666,8M
NP_068711.1,0.46415441176470584,8M
NP_068712.1,0.5215686274509805,8M
NP_068741.1,1.0,8M
NP_068745.2,1.0,8M
NP_068758.3,1.0,8M
NP_068761.4,0.6,8M
NP_068770.2,0.5,8M
NP_068773.2,0.39999999999999997,8M
NP_068775.1,0.8666666666666667,8M
NP_068776.2,0.6944444444444444,8M
NP_068799.2,0.5555555555555556,8M
NP_068810.3,0.0,8M
NP_068838.3,0.4,8M
NP_071357.2,0.4583333333333333,8M
NP_071372.1,1.0,8M
NP_071378.1,0.7878787878787878,8M
NP_071398.5,1.0,8M
NP_071415.1,0.6228070175438597,8M
NP_071417.2,1.0,8M
NP_071437.3,0.375,8M
NP_071445.1,0.5410628019323671,8M
NP_071449.1,0.75,8M
NP_071450.2,0.8333333333333334,8M
NP_071451.2,0.8055790363482671,8M
NP_071505.2,0.33333333333333337,8M
NP_071731.1,0.6272727272727272,8M
NP_071764.3,0.6363636363636362,8M
NP_071765.2,0.7610294117647058,8M
NP_071801.1,0.125,8M
NP_071881.1,1.0,8M
NP_071882.1,0.8571428571428572,8M
NP_071890.2,0.6666666666666666,8M
NP_071899.1,1.0,8M
NP_071919.2,0.0,8M
NP_071934.3,0.6335135135135135,8M
NP_073563.1,0.5,8M
NP_073623.1,1.0,8M
NP_073624.2,0.48717948717948717,8M
NP_073625.1,0.25,8M
NP_073741.3,0.5,8M
NP_073746.2,1.0,8M
NP_073747.1,0.0,8M
NP_073752.6,0.9500000000000001,8M
NP_075044.2,0.6296296296296297,8M
NP_075066.1,1.0,8M
NP_075462.3,1.0,8M
NP_075555.1,0.30555555555555564,8M
NP_075598.2,0.893569844789357,8M
NP_076872.1,0.5277777777777778,8M
NP_076927.1,0.9895833333333334,8M
NP_076932.1,1.0,8M
NP_076968.2,0.9375,8M
NP_076984.2,0.7500000000000001,8M
NP_077006.1,0.7058823529411764,8M
NP_077010.1,0.39999999999999997,8M
NP_077015.2,0.4666666666666666,8M
NP_077025.2,0.5476190476190477,8M
NP_077027.1,1.0,8M
NP_077277.1,0.1607142857142857,8M
NP_077282.3,0.6868686868686869,8M
NP_077288.2,0.7275362318840579,8M
NP_077310.1,0.05882352941176472,8M
NP_077315.2,1.0,8M
NP_077718.3,0.75,8M
NP_077740.1,0.23076923076923073,8M
NP_077744.4,0.8666666666666667,8M
NP_078772.1,0.3928571428571429,8M
NP_078789.2,0.6666666666666667,8M
NP_078790.2,1.0,8M
NP_078792.1,0.0,8M
NP_078800.3,1.0,8M
NP_078804.2,0.0,8M
NP_078805.3,1.0,8M
NP_078807.1,0.5833333333333334,8M
NP_078824.2,0.23076923076923073,8M
NP_078846.2,0.8571428571428572,8M
NP_078853.2,0.9107142857142858,8M
NP_078868.1,1.0,8M
NP_078874.2,0.6666666666666667,8M
NP_078875.4,0.21999999999999997,8M
NP_078925.3,0.9375,8M
NP_078941.2,0.95,8M
NP_078951.2,0.6538461538461539,8M
NP_078954.4,0.5,8M
NP_078961.3,0.8428571428571429,8M
NP_078974.1,0.75,8M
NP_079005.3,0.2558139534883721,8M
NP_079011.3,1.0,8M
NP_079017.1,1.0,8M
NP_079023.2,0.33333333333333337,8M
NP_079029.3,1.0,8M
NP_079033.4,0.598978288633461,8M
NP_079058.1,0.0,8M
NP_079066.5,0.75,8M
NP_079085.2,0.9,8M
NP_079120.1,1.0,8M
NP_079130.2,0.7,8M
NP_079146.2,0.0,8M
NP_079152.3,0.5666666666666667,8M
NP_079160.1,0.4791666666666667,8M
NP_079163.2,0.25,8M
NP_079191.2,0.8,8M
NP_079272.4,0.6490384615384616,8M
NP_079353.3,0.75,8M
NP_079375.3,0.6285714285714286,8M
NP_079408.3,0.9538461538461538,8M
NP_079412.1,0.0,8M
NP_079426.2,0.5,8M
NP_079428.2,0.5,8M
NP_079436.4,0.6666666666666667,8M
NP_079455.3,0.08695652173913049,8M
NP_079469.2,1.0,8M
NP_079483.3,0.8888888888888888,8M
NP_079491.2,0.5833333333333333,8M
NP_079492.2,0.47777777777777775,8M
NP_079495.1,1.0,8M
NP_079509.5,1.0,8M
NP_079519.1,0.8999999999999999,8M
NP_079535.4,1.0,8M
NP_079541.1,0.16666666666666663,8M
NP_085055.2,0.16666666666666669,8M
NP_085135.1,0.8924731182795699,8M
NP_109587.1,0.6111111111111112,8M
NP_109590.3,0.6381909547738693,8M
NP_110400.1,0.6923076923076923,8M
NP_110404.1,0.9743589743589743,8M
NP_110420.3,0.3571428571428571,8M
NP_110440.1,0.7205882352941176,8M
NP_112180.4,0.5,8M
NP_112190.2,0.6052631578947368,8M
NP_112205.2,1.0,8M
NP_112210.1,1.0,8M
NP_112224.1,0.4285714285714286,8M
NP_112235.2,1.0,8M
NP_112420.1,0.3333333333333333,8M
NP_112483.1,0.375,8M
NP_112503.1,0.4666666666666667,8M
NP_112506.2,0.5,8M
NP_112533.1,1.0,8M
NP_112740.1,1.0,8M
NP_113606.2,0.5833333333333333,8M
NP_113621.1,0.19999999999999996,8M
NP_113631.1,1.0,8M
NP_113663.2,0.04761904761904767,8M
NP_114032.2,0.34972677595628415,8M
NP_114091.4,0.8253968253968255,8M
NP_114148.3,1.0,8M
NP_114413.1,0.0,8M
NP_114423.1,0.53125,8M
NP_114432.2,0.59375,8M
NP_115484.2,0.5303030303030303,8M
NP_115497.4,0.18181818181818177,8M
NP_115569.2,0.6666666666666666,8M
NP_115584.1,0.16666666666666669,8M
NP_115604.1,0.6666666666666666,8M
NP_115618.3,1.0,8M
NP_115647.2,0.275,8M
NP_115693.2,1.0,8M
NP_115733.2,1.0,8M
NP_115759.2,0.6111111111111112,8M
NP_115763.2,0.0888888888888889,8M
NP_115785.1,0.8666666666666667,8M
NP_115791.3,0.5634920634920635,8M
NP_115822.1,1.0,8M
NP_115834.1,0.6666666666666667,8M
NP_115881.3,0.0,8M
NP_115909.1,0.6428571428571428,8M
NP_115920.1,0.5,8M
NP_115925.2,0.5,8M
NP_115927.1,0.7142857142857143,8M
NP_115940.2,0.375,8M
NP_115969.2,1.0,8M
NP_115977.2,1.0,8M
NP_115979.3,0.5,8M
NP_115980.1,0.5,8M
NP_115996.1,0.8461538461538461,8M
NP_116023.2,0.5111111111111111,8M
NP_116027.2,0.8109756097560976,8M
NP_116045.2,0.9711538461538461,8M
NP_116056.3,0.8333333333333334,8M
NP_116071.2,0.616118769883351,8M
NP_116119.2,0.6666666666666666,8M
NP_116145.1,1.0,8M
NP_116190.3,0.0,8M
NP_116195.2,0.07142857142857145,8M
NP_116222.4,0.6818181818181819,8M
NP_116245.2,0.75,8M
NP_116250.3,0.6969696969696969,8M
NP_116277.2,1.0,8M
NP_116281.2,1.0,8M
NP_116575.3,0.664,8M
NP_127497.1,0.6142857142857143,8M
NP_148982.1,1.0,8M
NP_149045.3,0.9827586206896551,8M
NP_149059.1,1.0,8M
NP_149075.2,0.45098039215686275,8M
NP_149091.1,0.9565217391304348,8M
NP_149100.2,0.6363636363636364,8M
NP_149107.4,0.7037037037037037,8M
NP_149353.1,1.0,8M
NP_149975.1,0.5,8M
NP_201569.1,0.8076923076923077,8M
NP_201583.2,0.4081632653061224,8M
NP_203123.1,0.2,8M
NP_203129.1,1.0,8M
NP_212134.3,1.0,8M
NP_219487.3,0.30357142857142855,8M
NP_254275.1,1.0,8M
NP_258412.1,0.0,8M
NP_291028.3,0.33333333333333337,8M
NP_338599.1,1.0,8M
NP_387510.1,0.6363636363636364,8M
NP_443076.2,0.65,8M
NP_443077.1,0.48214285714285715,8M
NP_443091.1,0.17857142857142858,8M
NP_443099.1,0.5324324324324324,8M
NP_443105.2,0.0,8M
NP_443106.1,0.75,8M
NP_443108.1,0.7533333333333334,8M
NP_443197.1,0.0,8M
NP_443711.2,0.8111111111111111,8M
NP_473368.1,0.0,8M
NP_476429.2,0.30000000000000004,8M
NP_476516.1,0.6666666666666666,8M
NP_476517.1,0.75,8M
NP_477352.3,0.6666666666666667,8M
NP_477511.1,1.0,8M
NP_477520.2,0.8333333333333334,8M
NP_478059.1,0.5,8M
NP_478123.1,0.8333333333333333,8M
NP_490597.1,0.875,8M
NP_490647.1,0.9444444444444444,8M
NP_510965.1,0.888888888888889,8M
NP_523353.2,0.19999999999999996,8M
NP_524144.1,1.0,8M
NP_536350.2,0.5329861111111112,8M
NP_542119.1,0.6666666666666666,8M
NP_542172.2,0.5,8M
NP_542378.1,0.6071428571428572,8M
NP_542400.2,1.0,8M
NP_542411.2,0.8561438561438562,8M
NP_542437.2,1.0,8M
NP_543136.1,0.9500000000000001,8M
NP_550438.1,0.75,8M
NP_569157.2,0.5,8M
NP_569733.2,0.2666666666666666,8M
NP_569735.1,0.6666666666666666,8M
NP_570718.1,1.0,8M
NP_570722.2,0.5,8M
NP_570824.1,0.888888888888889,8M
NP_570853.1,0.35714285714285715,8M
NP_570901.3,0.7222222222222222,8M
NP_570971.1,1.0,8M
NP_573400.3,0.2857142857142857,8M
NP_573566.2,0.9157894736842105,8M
NP_573568.1,0.6666666666666667,8M
NP_579877.1,0.8735632183908046,8M
NP_597680.2,0.8541666666666667,8M
NP_597700.1,0.6666666666666666,8M
NP_597716.1,0.6,8M
NP_597725.1,0.5,8M
NP_598004.1,0.6304347826086956,8M
NP_598006.1,0.6,8M
NP_598399.2,0.861111111111111,8M
NP_598408.1,0.6,8M
NP_599023.1,0.3333333333333333,8M
NP_612370.3,1.0,8M
NP_612373.2,1.0,8M
NP_612396.1,0.6666666666666667,8M
NP_612404.1,0.2857142857142857,8M
NP_612422.2,0.5098039215686275,8M
NP_612431.2,1.0,8M
NP_612433.1,1.0,8M
NP_612468.1,0.5,8M
NP_612486.2,0.4821428571428571,8M
NP_612565.1,1.0,8M
NP_612808.1,0.75,8M
NP_619520.1,0.9750000000000001,8M
NP_619542.1,1.0,8M
NP_619636.2,0.4761904761904763,8M
NP_619646.1,0.0,8M
NP_619649.1,0.5,8M
NP_619729.1,0.7000000000000001,8M
NP_620128.1,0.8,8M
NP_620148.1,0.48,8M
NP_620170.3,1.0,8M
NP_620409.1,0.33333333333333337,8M
NP_620596.2,0.5632183908045977,8M
NP_620689.1,0.632034632034632,8M
NP_640334.2,0.0,8M
NP_640335.2,0.84375,8M
NP_640341.1,0.0,8M
NP_644805.1,0.5008291873963515,8M
NP_644807.1,1.0,8M
NP_644813.1,1.0,8M
NP_647479.2,1.0,8M
NP_647480.1,0.625,8M
NP_647593.1,0.5,8M
NP_652763.1,0.75,8M
NP_653164.2,0.75,8M
NP_653174.3,0.25,8M
NP_653178.3,0.6666666666666667,8M
NP_653186.2,0.4,8M
NP_653200.2,1.0,8M
NP_653213.6,0.8352941176470589,8M
NP_653234.2,1.0,8M
NP_653259.3,0.5,8M
NP_658985.2,1.0,8M
NP_658986.1,0.5333333333333333,8M
NP_659403.4,1.0,8M
NP_659428.2,0.9285714285714286,8M
NP_659434.2,0.5333333333333334,8M
NP_659451.1,0.25,8M
NP_659501.1,1.0,8M
NP_659505.1,0.6607142857142857,8M
NP_660149.2,0.5,8M
NP_660161.1,1.0,8M
NP_660200.1,1.0,8M
NP_660201.1,0.9500000000000001,8M
NP_660208.2,0.849624060150376,8M
NP_663304.1,0.8636363636363638,8M
NP_665859.1,0.0,8M
NP_665860.2,0.5,8M
NP_665877.1,0.0,8M
NP_665898.1,0.1428571428571429,8M
NP_671724.1,0.5,8M
NP_671729.2,0.0,8M
NP_679211.2,0.8461538461538461,8M
NP_680475.1,1.0,8M
NP_683695.1,1.0,8M
NP_683720.2,0.75,8M
NP_683763.2,0.5555555555555556,8M
NP_689476.2,0.35714285714285715,8M
NP_689482.1,0.0,8M
NP_689505.1,0.5,8M
NP_689509.1,0.7203495630461922,8M
NP_689518.1,1.0,8M
NP_689549.3,0.0,8M
NP_689597.1,0.0,8M
NP_689606.2,0.9199999999999999,8M
NP_689629.2,0.4,8M
NP_689632.2,0.6753246753246753,8M
NP_689656.2,0.9230769230769231,8M
NP_689677.1,0.5,8M
NP_689703.1,0.0,8M
NP_689726.3,0.7142857142857143,8M
NP_689735.1,1.0,8M
NP_689807.1,0.5555555555555556,8M
NP_689831.2,0.6,8M
NP_689854.2,0.05882352941176472,8M
NP_689862.1,1.0,8M
NP_689935.2,0.6666666666666667,8M
NP_689956.2,0.7361111111111112,8M
NP_689966.2,0.7777777777777778,8M
NP_689967.2,0.6666666666666667,8M
NP_689991.1,0.9166666666666666,8M
NP_689996.4,0.5,8M
NP_690870.3,0.39999999999999997,8M
NP_694551.1,0.5,8M
NP_694571.2,0.75,8M
NP_694944.1,0.9,8M
NP_694955.2,0.14285714285714288,8M
NP_694972.3,0.6285714285714286,8M
NP_694984.5,0.6904761904761905,8M
NP_705690.2,0.0,8M
NP_705831.1,0.75,8M
NP_705902.2,0.41250000000000003,8M
NP_714544.1,0.6923076923076923,8M
NP_714915.3,0.5514950166112957,8M
NP_714928.1,1.0,8M
NP_722540.1,1.0,8M
NP_722541.1,0.2857142857142857,8M
NP_733764.1,0.7142857142857143,8M
NP_733774.1,0.95,8M
NP_741960.1,0.75,8M
NP_742055.1,0.5277777777777777,8M
NP_742105.1,0.6536964980544747,8M
NP_751951.1,1.0,8M
NP_758440.1,1.0,8M
NP_758454.1,0.8846153846153846,8M
NP_758840.1,0.75,8M
NP_758872.1,0.7456896551724137,8M
NP_758957.2,1.0,8M
NP_775109.2,0.0,8M
NP_775300.1,1.0,8M
NP_775748.2,0.19999999999999996,8M
NP_775754.2,0.7416666666666667,8M
NP_775766.2,0.9166666666666667,8M
NP_775771.3,0.8333333333333334,8M
NP_775822.3,0.45238095238095233,8M
NP_775831.2,0.7692307692307693,8M
NP_775901.3,0.5402298850574713,8M
NP_775925.1,0.16666666666666663,8M
NP_775960.4,0.9102564102564101,8M
NP_777362.1,1.0,8M
NP_777576.1,0.6363636363636364,8M
NP_777577.2,1.0,8M
NP_777596.2,0.6666666666666667,8M
NP_778243.1,0.45,8M
NP_783328.1,0.6008403361344538,8M
NP_787110.2,0.4583333333333333,8M
NP_789788.1,0.0,8M
NP_789794.1,1.0,8M
NP_789845.1,0.475,8M
NP_796374.2,1.0,8M
NP_803187.1,0.4388235294117647,8M
NP_808592.2,0.4597701149425288,8M
NP_808807.2,0.0,8M
NP_808880.1,1.0,8M
NP_814444.1,0.9090909090909091,8M
NP_816931.1,1.0,8M
NP_821080.1,0.5806451612903225,8M
NP_821133.1,0.391304347826087,8M
NP_835366.1,0.24358974358974358,8M
NP_835455.1,0.33333333333333337,8M
NP_835466.2,0.39999999999999997,8M
NP_848547.4,0.7692307692307692,8M
NP_848549.3,0.0,8M
NP_848612.2,0.1428571428571429,8M
NP_848621.2,1.0,8M
NP_849164.2,0.5555555555555556,8M
NP_851853.1,0.5,8M
NP_852107.1,0.8076923076923077,8M
NP_852122.1,0.6693877551020407,8M
NP_852664.1,0.8333333333333333,8M
NP_853512.1,0.6666666666666667,8M
NP_858058.1,0.8333333333333333,8M
NP_859056.2,0.0,8M
NP_859065.2,0.7857142857142857,8M
NP_861448.2,0.11111111111111116,8M
NP_861454.2,0.65625,8M
NP_862823.1,0.5714285714285714,8M
NP_870998.2,0.9047619047619048,8M
NP_872282.1,1.0,8M
NP_872354.1,1.0,8M
NP_872621.1,1.0,8M
NP_877435.3,0.8888888888888888,8M
NP_877437.2,0.5,8M
NP_878314.1,0.5833333333333333,8M
NP_886552.3,0.9375,8M
NP_891552.1,1.0,8M
NP_891847.1,0.5738636363636364,8M
NP_891988.1,0.6190476190476191,8M
NP_892003.2,0.6666666666666666,8M
NP_898871.1,0.16666666666666669,8M
NP_898898.1,0.962962962962963,8M
NP_899196.1,0.7166666666666667,8M
NP_899200.1,0.6052631578947368,8M
NP_919224.1,0.63125,8M
NP_919253.1,0.3620689655172414,8M
NP_919255.2,0.0,8M
NP_919259.3,1.0,8M
NP_919299.3,1.0,8M
NP_919438.1,0.3214285714285714,8M
NP_922932.2,1.0,8M
NP_932173.1,0.6325814536340852,8M
NP_937799.1,0.3333333333333334,8M
NP_937859.1,0.0,8M
NP_937983.2,0.5753588516746411,8M
NP_938011.1,1.0,8M
NP_938012.2,0.4666666666666667,8M
NP_938023.1,0.5714285714285714,8M
NP_938033.1,1.0,8M
NP_938143.1,0.25,8M
NP_938149.2,0.65,8M
NP_938207.2,1.0,8M
NP_940905.2,0.2,8M
NP_940916.2,1.0,8M
NP_940927.2,0.95,8M
NP_940978.2,0.48366013071895425,8M
NP_940988.2,0.95,8M
NP_942559.1,0.5,8M
NP_945185.1,0.5,8M
NP_945316.1,1.0,8M
NP_945345.2,0.5625,8M
NP_945350.1,0.33333333333333337,8M
NP_954634.1,0.75,8M
NP_954659.1,1.0,8M
NP_954712.1,0.3055555555555556,8M
NP_954986.2,0.42105263157894735,8M
NP_955366.1,0.8571428571428571,8M
NP_957705.1,0.7696360153256705,8M
NP_958850.1,1.0,8M
NP_963883.2,0.5,8M
NP_963925.2,0.5,8M
NP_964012.2,0.5,8M
NP_976035.1,0.5076923076923077,8M
NP_981932.1,1.0,8M
NP_982272.2,0.3076923076923077,8M
NP_982301.1,0.49242424242424243,8M
NP_991331.1,0.8380952380952381,8M
NP_995322.1,1.0,8M
NP_996879.1,0.8181818181818181,8M
NP_996917.1,0.5,8M
NP_996919.1,0.6666666666666667,8M
NP_996991.1,1.0,8M
NP_996994.1,0.5,8M
NP_997005.1,0.6767676767676768,8M
NP_997229.2,0.41052631578947374,8M
NP_997235.3,0.8645833333333333,8M
NP_997253.2,0.75,8M
NP_997304.3,0.2857142857142857,8M
NP_997464.2,1.0,8M
NP_998764.1,0.6405228758169934,8M
NP_998818.1,0.14285714285714285,8M
NP_998885.1,0.7,8M
