model,DMS_id,seq_len,selection_type,n,spearman,auc,published_spearman,published_auc,abs_diff_vs_published
8M,A0A140D2T1_ZIKV_Sourisseau_2019,3423,OrganismalFitness,9576,-0.07258884415049704,0.45433491571451606,-0.073,0.454,0.0004111558495029505
8M,A0A192B1T2_9HIV1_Haddox_2018,852,OrganismalFitness,12577,-0.002953469581846655,0.501809376287141,-0.003,0.502,4.6530418153345205e-05
8M,A0A1I9GEU1_NEIME_Kennouche_2019,161,Activity,922,-0.03689804895565353,0.47688217579521924,-0.037,0.477,0.0001019510443464669
8M,A0A247D711_LISMN_Stadelmann_2021,87,Activity,1653,0.06394442810841913,0.5424899941736373,0.064,0.542,5.557189158086895e-05
8M,A0A2Z5U3Z0_9INFA_Doud_2016,565,OrganismalFitness,10715,-0.003561163751803853,0.49498385279822465,-0.004,0.495,0.00043883624819614697
8M,A0A2Z5U3Z0_9INFA_Wu_2014,565,OrganismalFitness,2350,0.048004113037550686,0.520186871887732,0.048,0.52,4.113037550684817e-06
8M,A4D664_9INFA_Soh_2019,759,OrganismalFitness,14421,0.021563744007824733,0.5096680483719299,0.022,0.51,0.00043625599217526553
8M,A4GRB6_PSEAI_Chen_2020,266,OrganismalFitness,5004,0.43052577460417396,0.7364425875542738,0.431,0.736,0.0004742253958260334
8M,A4_HUMAN_Seuma_2022,770,Stability,14811,0.3816703411799805,0.7085368765974831,0.382,0.709,0.0003296588200195072
8M,AACC1_PSEAI_Dandage_2018,177,OrganismalFitness,1801,0.19641212100299235,0.5997533604636823,0.196,0.6,0.0004121210029923439
8M,ACE2_HUMAN_Chan_2020,805,Binding,2223,-0.05281938389569013,0.4829233822662842,-0.053,0.483,0.0001806161043098678
8M,ADRB2_HUMAN_Jones_2020,413,Activity,7800,0.40778405097262743,0.7118442800788956,0.408,0.712,0.00021594902737254174
8M,AICDA_HUMAN_Gajula_2014_3cycles,198,Activity,209,-0.2446522841798405,0.3385878489326765,-0.245,0.339,0.0003477158201594943
8M,AMFR_HUMAN_Tsuboyama_2023_4G3O,47,Stability,2972,-0.2087693615827827,0.39427256502477775,-0.209,0.394,0.00023063841721729372
8M,AMIE_PSEAE_Wrenbeck_2017,346,Activity,6227,0.32638927893012193,0.6526001657540292,0.326,0.653,0.00038927893012191683
8M,ANCSZ_Hobbs_2022,627,Activity,4670,0.5352478963333163,0.7519137599787243,0.535,0.752,0.0002478963333162332
8M,ARGR_ECOLI_Tsuboyama_2023_1AOY,69,Stability,1287,0.3315864044446099,0.6383842969817863,0.332,0.638,0.0004135955553901116
8M,B2L11_HUMAN_Dutta_2010_binding-Mcl-1,198,Binding,170,0.17356879843186107,0.6074570590699623,0.174,0.607,0.00043120156813891697
8M,BBC1_YEAST_Tsuboyama_2023_1TG0,64,Stability,2069,0.33111890878963857,0.6927466246734083,0.331,0.693,0.0001189087896385499
8M,BCHB_CHLTE_Tsuboyama_2023_2KRU,52,Stability,1572,0.16627188351020422,0.5909521442553516,0.166,0.591,0.00027188351020421275
8M,BLAT_ECOLX_Deng_2012,286,OrganismalFitness,4996,0.24303793817249308,0.6283187726913242,0.243,0.628,3.7938172493090505e-05
8M,BLAT_ECOLX_Firnberg_2014,286,OrganismalFitness,4783,0.41131919810115386,0.6968920007231728,0.411,0.697,0.0003191981011538836
8M,BLAT_ECOLX_Jacquier_2013,286,OrganismalFitness,989,0.3618647071642322,0.6816980792513334,0.362,0.682,0.00013529283576779738
8M,BLAT_ECOLX_Stiffler_2015,286,OrganismalFitness,4996,0.3992794581337939,0.7043234267157521,0.399,0.704,0.0002794581337938751
8M,BRCA1_HUMAN_Findlay_2018,1863,OrganismalFitness,1837,0.13480936156815918,0.5827939114202662,0.134,0.582,0.000809361568159167
8M,BRCA2_HUMAN_Erwood_2022_HEK293T,3418,OrganismalFitness,265,0.08708133971291868,0.5276679841897233,0.088,0.529,0.0009186602870813187
8M,C6KNH7_9INFA_Lee_2018,566,OrganismalFitness,10754,-0.014337586724543494,0.49030086992210087,-0.014,0.49,0.00033758672454349374
8M,CALM1_HUMAN_Weile_2017,149,OrganismalFitness,1813,0.16111453307497398,0.5803293491144422,0.161,0.58,0.00011453307497397147
8M,CAPSD_AAV2S_Sinai_2021,735,OrganismalFitness,42328,0.2539827031758187,0.642874677813205,0.254,0.643,1.7296824181278758e-05
8M,CAR11_HUMAN_Meitlis_2020_gof,1154,OrganismalFitness,2374,0.0689220143499036,0.545084744708896,0.068,0.545,0.000922014349903591
8M,CAR11_HUMAN_Meitlis_2020_lof,1154,OrganismalFitness,2395,0.07275200296809584,0.5243431372549019,0.072,0.524,0.0007520029680958412
8M,CAS9_STRP1_Spencer_2017_positive,1368,Activity,8117,0.06301692083729862,0.5283533504271822,0.063,0.528,1.6920837298622926e-05
8M,CASP3_HUMAN_Roychowdhury_2020,258,Activity,1567,0.2640175012049433,0.6367192346622261,0.264,0.637,1.7501204943259907e-05
8M,CASP7_HUMAN_Roychowdhury_2020,281,Activity,1680,0.3057068168907778,0.6692051329748335,0.306,0.669,0.000293183109222217
8M,CATR_CHLRE_Tsuboyama_2023_2AMI,72,Stability,1903,0.5638123300098238,0.7979479381021743,0.564,0.798,0.0001876699901761647
8M,CBPA2_HUMAN_Tsuboyama_2023_1O6X,72,Stability,2068,0.528795319197267,0.7854777699206431,0.529,0.785,0.00020468080273305933
8M,CBS_HUMAN_Sun_2020,551,OrganismalFitness,7217,0.08537976245779318,0.545378529831207,0.085,0.545,0.0003797624577931702
8M,CBX4_HUMAN_Tsuboyama_2023_2K28,50,Stability,2282,-0.27101807010346457,0.3441972653249347,-0.271,0.344,1.80701034645514e-05
8M,CCDB_ECOLI_Adkar_2012,101,Activity,1176,-0.005898315979200406,0.4839866606120731,-0.006,0.484,0.00010168402079959414
8M,CCDB_ECOLI_Tripathi_2016,101,OrganismalFitness,1663,-0.006534741554357981,0.49793032080027594,-0.007,0.498,0.00046525844564201946
8M,CCR5_HUMAN_Gill_2023,352,Binding,6137,0.32523216601229826,0.6506439042138623,0.325,0.651,0.00023216601229825162
8M,CD19_HUMAN_Klesmith_2019_FMC_singles,556,Binding,3761,0.08976048831119422,0.6025304583353616,0.09,0.603,0.00023951168880577411
8M,CP2C9_HUMAN_Amorosi_2021_abundance,490,Expression,6370,0.5313402598071598,0.7665803942637314,0.531,0.767,0.00034025980715979287
8M,CP2C9_HUMAN_Amorosi_2021_activity,490,Binding,6142,0.5698182549484226,0.7843270960225917,0.57,0.784,0.00018174505157730891
8M,CSN4_MOUSE_Tsuboyama_2023_1UFM,72,Stability,3295,0.448718628602429,0.7282100307122277,0.449,0.728,0.0002813713975710064
8M,CUE1_YEAST_Tsuboyama_2023_2MYX,52,Stability,1580,0.15347940298787088,0.5629451588350759,0.153,0.563,0.0004794029878708861
8M,D7PM05_CLYGR_Somermeyer_2022,235,Activity,24515,0.06823409590983764,0.5301117363395125,0.068,0.53,0.0002340959098376394
8M,DLG4_HUMAN_Faure_2021,724,OrganismalFitness,6976,0.7431872859070376,0.9090631345478074,0.743,0.909,0.0001872859070376487
8M,DLG4_RAT_McLaughlin_2012,724,Binding,1576,0.4105041783886973,0.7963027175973443,0.411,0.796,0.0004958216113026825
8M,DN7A_SACS2_Tsuboyama_2023_1JIC,55,Stability,1008,0.07404511334434971,0.5023837925726455,0.074,0.502,4.511334434971481e-05
8M,DNJA1_HUMAN_Tsuboyama_2023_2LO1,65,Stability,2264,0.8267488290315,0.9504783979521758,0.827,0.95,0.00025117096849991416
8M,DOCK1_MOUSE_Tsuboyama_2023_2M0Y,66,Stability,2915,0.2238775656226868,0.6074853434427325,0.224,0.607,0.00012243437731321305
8M,DYR_ECOLI_Nguyen_2023,159,OrganismalFitness,2916,0.1327763395966809,0.5642604314963201,0.133,0.564,0.00022366040331911474
8M,DYR_ECOLI_Thompson_2019,159,OrganismalFitness,2363,0.054912537303983475,0.5320741425243394,0.055,0.532,8.746269601652562e-05
8M,ENVZ_ECOLI_Ghose_2023,60,Activity,1121,0.1940948021637545,0.6074218614853409,0.194,0.607,9.480216375448713e-05
8M,ENV_HV1B9_DuenasDecamp_2016,853,OrganismalFitness,375,0.11018016320342625,0.5329723391046424,0.11,0.533,0.00018016320342624514
8M,ENV_HV1BR_Haddox_2016,861,OrganismalFitness,12863,-0.009303690144364796,0.49458289155928575,-0.009,0.495,0.0003036901443647967
8M,EPHB2_HUMAN_Tsuboyama_2023_1F0M,66,Stability,1960,-0.3782895696956037,0.2857187484380467,-0.378,0.286,0.0002895696956036753
8M,ERBB2_HUMAN_Elazar_2016,1255,Expression,326,0.48060773023792347,0.7371428571428572,0.481,0.737,0.00039226976207651365
8M,ESTA_BACSU_Nutschel_2020,212,Stability,2172,0.16871169959569737,0.5763850673296324,0.169,0.576,0.00028830040430263826
8M,F7YBW8_MESOW_Aakre_2015,93,OrganismalFitness,9192,-0.09070026643123516,0.4750751968828989,-0.091,0.475,0.00029973356876483725
8M,F7YBW8_MESOW_Ding_2023,93,OrganismalFitness,7922,0.4856680326898836,0.7688402581989329,0.486,0.769,0.0003319673101163656
8M,FECA_ECOLI_Tsuboyama_2023_2D1U,72,Stability,1886,0.05943898690194123,0.5099608314131392,0.059,0.51,0.00043898690194123235
8M,FKBP3_HUMAN_Tsuboyama_2023_2KFV,69,Stability,1237,0.1719853697742245,0.5930788213396909,0.172,0.593,1.4630225775497108e-05
8M,GAL4_YEAST_Kitzman_2015,881,OrganismalFitness,1195,0.33971930053713006,0.6851106174210867,0.34,0.685,0.00028069946286995995
8M,GCN4_YEAST_Staller_2018,281,Binding,2638,0.31781842748834416,0.6622668286046186,0.318,0.662,0.00018157251165584753
8M,GDIA_HUMAN_Silverstein_2021,447,OrganismalFitness,1154,0.1585976120239962,0.5824935646939738,0.159,0.582,0.0004023879760038096
8M,GFP_AEQVI_Sarkisyan_2016,238,Activity,51714,0.07823032947157142,0.5515841118600386,0.078,0.552,0.00023032947157142214
8M,GLPA_HUMAN_Elazar_2016,150,Expression,245,0.3389338142294104,0.7282943143812709,0.339,0.728,6.618577058964403e-05
8M,GRB2_HUMAN_Faure_2021,217,OrganismalFitness,63366,0.5260008131139652,0.7969501437397242,0.526,0.797,8.131139651590402e-07
8M,HCP_LAMBD_Tsuboyama_2023_2L6Q,55,Stability,1040,0.285491268070978,0.6444732910250152,0.285,0.644,0.0004912680709780459
8M,HECD1_HUMAN_Tsuboyama_2023_3DKM,72,Stability,5586,0.13362210587356413,0.6415578163704451,0.134,0.642,0.0003778941264358793
8M,HEM3_HUMAN_Loggerenberg_2023,361,Activity,5689,0.14169717048997316,0.569049116270976,0.142,0.569,0.0003028295100268308
8M,HIS7_YEAST_Pokusaeva_2019,220,OrganismalFitness,496137,0.05681790086695296,0.5339602589774516,0.057,0.534,0.00018209913304704367
8M,HMDH_HUMAN_Jiang_2019,888,OrganismalFitness,16853,0.04566030449065505,0.5144288898469619,0.046,0.514,0.00033969550934494913
8M,HSP82_YEAST_Cote-Hammarlof_2020_growth-H2O2,709,OrganismalFitness,2252,-0.07316455588286967,0.4821144275661745,-0.073,0.482,0.00016455588286967693
8M,HSP82_YEAST_Flynn_2019,709,OrganismalFitness,13294,0.01764269651938971,0.5150747591146739,0.018,0.515,0.00035730348061028747
8M,HSP82_YEAST_Mishra_2016,709,OrganismalFitness,4323,0.1780659132678626,0.6876348978833451,0.178,0.688,6.591326786262175e-05
8M,HXK4_HUMAN_Gersing_2022_activity,465,OrganismalFitness,8570,0.18304330664075494,0.5904962768007036,0.183,0.59,4.330664075494206e-05
8M,HXK4_HUMAN_Gersing_2023_abundance,465,Expression,8396,0.13622226820702313,0.5797009559050547,0.136,0.58,0.00022226820702311856
8M,I6TAH8_I68A0_Doud_2015,498,OrganismalFitness,9462,0.01764192914105177,0.5088253424203104,0.018,0.509,0.00035807085894822704
8M,IF1_ECOLI_Kelsic_2016,72,OrganismalFitness,1367,0.1934937924917824,0.6001693102382003,0.193,0.6,0.0004937924917823855
8M,ILF3_HUMAN_Tsuboyama_2023_2L33,71,Stability,1329,0.1918220021074471,0.7182116488925347,0.192,0.718,0.00017799789255290577
8M,ISDH_STAAW_Tsuboyama_2023_2LHR,55,Stability,1944,0.3767978438857269,0.6870016079808355,0.377,0.687,0.00020215611427309987
8M,KCNE1_HUMAN_Muhammad_2023_expression,129,Expression,2339,0.16280300160124944,0.6627484360149976,0.163,0.663,0.00019699839875056413
8M,KCNE1_HUMAN_Muhammad_2023_function,129,Activity,2315,0.20857829812045678,0.5880818490721034,0.209,0.588,0.0004217018795432126
8M,KCNH2_HUMAN_Kozek_2020,1159,Activity,200,-0.1433285832145804,0.47340000000000004,0.253,0.619,0.3963285832145804
8M,KCNJ2_MOUSE_Coyote-Maestas_2022_function,428,Activity,6963,0.0575581873993316,0.5314350429293822,0.058,0.531,0.00044181260066840367
8M,KCNJ2_MOUSE_Coyote-Maestas_2022_surface,428,Expression,6917,0.17570916042614532,0.5895665593364958,0.176,0.59,0.0002908395738546732
8M,KKA2_KLEPN_Melnikov_2014,264,OrganismalFitness,4960,0.21186333938058116,0.6318493526734321,0.212,0.632,0.00013666061941883245
8M,LGK_LIPST_Klesmith_2015,439,Activity,7890,0.17929178362712492,0.5880794061565795,0.179,0.588,0.0002917836271249252
8M,LYAM1_HUMAN_Elazar_2016,372,Expression,359,0.3069249043565118,0.6427281220803488,0.307,0.643,7.509564348817666e-05
8M,MAFG_MOUSE_Tsuboyama_2023_1K1V,41,Stability,1429,0.4528307776692085,0.7901103639309419,0.453,0.79,0.0001692223307915297
8M,MBD11_ARATH_Tsuboyama_2023_6ACV,66,Stability,2116,-0.14579564348323978,0.42808987760207273,-0.146,0.428,0.00020435651676020683
8M,MET_HUMAN_Estevam_2023,287,Activity,5393,0.4521273890836032,0.7885817311163675,0.452,0.789,0.00012738908360321322
8M,MK01_HUMAN_Brenan_2016,360,OrganismalFitness,6809,0.16970465542677526,0.6051539089367092,0.17,0.605,0.0002953445732247484
8M,MLAC_ECOLI_MacRae_2023,211,OrganismalFitness,4007,-0.01118411767518911,0.4888357268701609,-0.011,0.489,0.00018411767518911049
8M,MSH2_HUMAN_Jia_2020,934,OrganismalFitness,16749,0.21326825481292522,0.7028631106560577,0.213,0.703,0.0002682548129252227
8M,MTH3_HAEAE_RockahShmuel_2015,330,OrganismalFitness,1777,0.18969136085412505,0.6308615795625313,0.19,0.631,0.00030863914587495045
8M,MTHR_HUMAN_Weile_2021,656,OrganismalFitness,12464,0.16914148154979924,0.575068229612812,0.169,0.575,0.00014148154979923278
8M,MYO3_YEAST_Tsuboyama_2023_2BTT,61,Stability,3297,0.1709708179501465,0.592314566935445,0.171,0.592,2.918204985352668e-05
8M,NCAP_I34A1_Doud_2015,498,OrganismalFitness,9462,0.02309100855758784,0.5192904358927997,0.023,0.519,9.100855758784054e-05
8M,NKX31_HUMAN_Tsuboyama_2023_2L9R,61,Stability,2482,0.6271964261779541,0.8572014051522249,0.627,0.857,0.0001964261779541232
8M,NPC1_HUMAN_Erwood_2022_HEK293T,1278,Activity,637,0.2204194169990248,0.5918102183662349,0.221,0.592,0.0005805830009752155
8M,NPC1_HUMAN_Erwood_2022_RPE1,1278,Activity,63,0.31336405529953915,0.5787878787878787,0.314,0.581,0.0006359447004608554
8M,NRAM_I33A0_Jiang_2016,453,OrganismalFitness,298,-0.07462721760941778,0.45047520381964773,-0.075,0.45,0.0003727823905822214
8M,NUD15_HUMAN_Suiter_2020,164,Expression,2844,0.29883869403955576,0.6773349499374218,0.299,0.677,0.00016130596044422463
8M,NUSA_ECOLI_Tsuboyama_2023_1WCL,69,Stability,2028,0.3218130877436772,0.6555701982600576,0.322,0.656,0.00018691225632283537
8M,NUSG_MYCTU_Tsuboyama_2023_2MI6,55,Stability,1380,0.3892937077923729,0.6932750392618996,0.389,0.693,0.00029370779237286593
8M,OBSCN_HUMAN_Tsuboyama_2023_1V1C,65,Stability,3197,0.39242379191892096,0.6490323930224133,0.392,0.649,0.00042379191892094603
8M,ODP2_GEOSE_Tsuboyama_2023_1W4G,44,Stability,1134,-0.06862427546743873,0.448014740439412,-0.069,0.448,0.0003757245325612807
8M,OPSD_HUMAN_Wan_2019,348,Expression,165,0.29033205994710554,0.6585365853658537,0.29,0.659,0.0003320599471055563
8M,OTC_HUMAN_Lo_2023,354,Activity,1570,0.1423817643316951,0.5518247511850456,0.142,0.552,0.00038176433169512247
8M,OTU7A_HUMAN_Tsuboyama_2023_2L2D,42,Stability,635,0.2051116450828954,0.5928563218390804,0.205,0.593,0.00011164508289540631
8M,OXDA_RHOTO_Vanella_2023_activity,364,Activity,6396,0.1215739266989453,0.5618085159007515,0.122,0.562,0.0004260733010546941
8M,OXDA_RHOTO_Vanella_2023_expression,364,Expression,6769,0.2210094129623639,0.6606094808126411,0.221,0.661,9.412962363897215e-06
8M,P53_HUMAN_Giacomelli_2018_Null_Etoposide,393,OrganismalFitness,7467,-0.1535362979962743,0.4173967077919978,-0.154,0.417,0.0004637020037256967
8M,P53_HUMAN_Giacomelli_2018_Null_Nutlin,393,OrganismalFitness,7467,-0.1578291008115121,0.4181654566582936,-0.158,0.418,0.0001708991884878941
8M,P53_HUMAN_Giacomelli_2018_WT_Nutlin,393,OrganismalFitness,7467,-0.19390294748574027,0.41494950569982497,-0.194,0.415,9.705251425973227e-05
8M,P53_HUMAN_Kotler_2018,393,OrganismalFitness,1048,0.0951304244223599,0.5267850071841519,0.095,0.527,0.00013042442235990104
8M,P84126_THETH_Chan_2017,254,OrganismalFitness,1519,0.31890805462972627,0.634489185998031,0.319,0.634,9.194537027373828e-05
8M,PABP_YEAST_Melamed_2013,577,OrganismalFitness,37708,0.4755129463854161,0.7582760052803239,0.476,0.758,0.00048705361458389884
8M,PAI1_HUMAN_Huttinger_2021,402,Activity,5345,0.0830893837691839,0.5454224396001921,0.083,0.545,8.938376918389557e-05
8M,PA_I34A1_Wu_2015,716,OrganismalFitness,1820,0.024387674586246157,0.517887332447772,0.024,0.518,0.00038767458624615683
8M,PHOT_CHLRE_Chen_2023,118,Activity,167529,0.7680774995475579,0.8777876512278191,0.768,0.878,7.749954755786881e-05
8M,PIN1_HUMAN_Tsuboyama_2023_1I6C,39,Stability,802,0.6603942590108467,0.8369465174129354,0.66,0.837,0.0003942590108466648
8M,PITX2_HUMAN_Tsuboyama_2023_2L7M,52,Stability,1824,0.5570173533647012,0.78576378028535,0.557,0.786,1.7353364701100382e-05
8M,PKN1_HUMAN_Tsuboyama_2023_1URF,71,Stability,1301,0.31415823075043026,0.7164160027267692,0.314,0.716,0.00015823075043025492
8M,POLG_CXB3N_Mattenberger_2021,2185,OrganismalFitness,15711,-0.07366475020792984,0.4597115439463494,-0.079,0.457,0.00533524979207016
8M,POLG_DEN26_Suphatrakul_2023,900,OrganismalFitness,16897,-0.0441048941684496,0.48055931819750947,-0.044,0.481,0.0001048941684496027
8M,POLG_HCVJF_Qi_2014,3033,OrganismalFitness,1630,0.10184576186307925,0.5533783536138397,0.101,0.552,0.0008457618630792474
8M,POLG_PESV_Tsuboyama_2023_2MXD,53,Stability,5130,0.1320914979138205,0.5246672206869152,0.132,0.525,9.149791382048744e-05
8M,PPARG_HUMAN_Majithia_2016,505,Activity,9576,0.027730138264463716,0.5333740526491902,0.028,0.533,0.00026986173553628437
8M,PPM1D_HUMAN_Miller_2022,605,OrganismalFitness,7889,0.28144244915715283,0.6394205684938401,0.281,0.639,0.0004424491571528022
8M,PR40A_HUMAN_Tsuboyama_2023_1UZC,63,Stability,2033,0.5404729030321919,0.7834273148390118,0.54,0.783,0.0004729030321918293
8M,PRKN_HUMAN_Clausen_2023,465,Expression,8756,0.23274323447142425,0.6152760038759141,0.233,0.615,0.00025676552857575863
8M,PSAE_PICP2_Tsuboyama_2023_1PSE,68,Stability,1579,0.4982347454343651,0.8112213048731374,0.498,0.811,0.0002347454343650801
8M,PTEN_HUMAN_Matreyek_2021,403,Expression,5083,0.16520105648388364,0.58739473577468,0.165,0.587,0.00020105648388363262
8M,PTEN_HUMAN_Mighell_2018,403,Activity,7260,0.205620687991163,0.6394036449662128,0.206,0.639,0.00037931200883697946
8M,Q2N0S5_9HIV1_Haddox_2018,860,OrganismalFitness,12729,-0.00512368964642197,0.5090734219764297,-0.005,0.509,0.00012368964642196952
8M,Q53Z42_HUMAN_McShan_2019_binding-TAPBPR,365,Binding,3344,0.19196562579560084,0.6045540655780863,0.192,0.605,3.437420439916794e-05
8M,Q53Z42_HUMAN_McShan_2019_expression,365,Expression,3344,0.08800176873952867,0.533360757625891,0.088,0.533,1.768739528673624e-06
8M,Q59976_STRSQ_Romero_2015,501,Activity,2999,0.1441863847429574,0.5744902096518987,0.144,0.574,0.0001863847429574017
8M,Q6WV12_9MAXI_Somermeyer_2022,222,Activity,31401,0.014155573075426036,0.5060172959020356,0.014,0.506,0.00015557307542603607
8M,Q837P4_ENTFA_Meier_2023,589,Activity,697,0.41972293444907494,0.6817273552968377,0.42,0.682,0.0002770655509250486
8M,Q837P5_ENTFA_Meier_2023,571,Activity,747,0.12932197888772334,0.5263585510705914,0.129,0.526,0.0003219788877233398
8M,Q8WTC7_9CNID_Somermeyer_2022,238,Activity,33510,-0.027089302308069572,0.4655907050285642,-0.027,0.466,8.930230806957276e-05
8M,R1AB_SARS2_Flynn_2022,306,OrganismalFitness,5725,-0.008632704017160622,0.5131154202447189,-0.009,0.513,0.0003672959828393777
8M,RAD_ANTMA_Tsuboyama_2023_2CJJ,54,Stability,912,0.45814075792769227,0.7262772491870407,0.458,0.726,0.0001407579276922477
8M,RAF1_HUMAN_Zinkus-Boltz_2019,648,OrganismalFitness,297,0.033628513244328126,0.5226757369614512,0.034,0.523,0.0003714867556718765
8M,RASH_HUMAN_Bandaru_2017,189,Activity,3134,0.45674338413678817,0.8072524742364646,0.457,0.807,0.0002566158632118509
8M,RASK_HUMAN_Weng_2022_abundance,188,Expression,26012,0.336433307366525,0.6577444794623931,0.336,0.658,0.00043330736652497093
8M,RASK_HUMAN_Weng_2022_binding-DARPin_K55,188,Binding,24873,0.5733348862773264,0.7961031217151325,0.573,0.796,0.0003348862773264738
8M,RBP1_HUMAN_Tsuboyama_2023_2KWH,52,Stability,1332,0.32130349175106226,0.6693308382558506,0.321,0.669,0.000303491751062257
8M,RCD1_ARATH_Tsuboyama_2023_5OAO,57,Stability,1261,0.3678711124460794,0.6845201549997484,0.368,0.685,0.00012888755392059803
8M,RCRO_LAMBD_Tsuboyama_2023_1ORC,63,Stability,2278,0.22646011469288133,0.590517932463432,0.226,0.591,0.00046011469288131934
8M,RD23A_HUMAN_Tsuboyama_2023_1IFY,44,Stability,1019,0.2539290519310269,0.6033595315148713,0.254,0.603,7.094806897312012e-05
8M,RDRP_I33A0_Li_2023,757,OrganismalFitness,12003,0.03319400119849339,0.534878032043008,0.033,0.535,0.0001940011984933876
8M,REV_HV1H2_Fernandes_2016,116,OrganismalFitness,2147,0.04562852998126713,0.5258506376745187,0.046,0.526,0.00037147001873286817
8M,RFAH_ECOLI_Tsuboyama_2023_2LCL,55,Stability,1326,-0.032079315191623624,0.4686920576130751,-0.032,0.469,7.931519162362316e-05
8M,RL20_AQUAE_Tsuboyama_2023_1GYZ,59,Stability,1461,0.23482860656706317,0.5908837705436156,0.235,0.591,0.0001713934329368172
8M,RL40A_YEAST_Mavor_2016,128,OrganismalFitness,1253,0.10355767282094197,0.5466891532043315,0.104,0.547,0.00044232717905802466
8M,RL40A_YEAST_Roscoe_2013,128,OrganismalFitness,1195,0.12201834939801652,0.5398525567101188,0.122,0.54,1.8349398016523355e-05
8M,RL40A_YEAST_Roscoe_2014,128,Activity,1380,0.2268459909193765,0.6280315926777502,0.227,0.628,0.00015400908062351837
8M,RNC_ECOLI_Weeks_2023,226,Activity,4277,0.06398037789782465,0.5349757256436476,0.064,0.535,1.9622102175348433e-05
8M,RPC1_BP434_Tsuboyama_2023_1R69,61,Stability,1459,0.7221086880782696,0.8764787477586188,0.722,0.876,0.00010868807826958093
8M,RPC1_LAMBD_Li_2019_high-expression,237,Activity,351,0.2895859695859696,0.7212552945706585,0.29,0.721,0.0004140304140303752
8M,RPC1_LAMBD_Li_2019_low-expression,237,Activity,351,0.25250416250416247,0.6189285714285715,0.253,0.619,0.0004958374958375367
8M,RS15_GEOSE_Tsuboyama_2023_1A32,63,Stability,1195,0.2887605419099529,0.6356442577030812,0.289,0.636,0.0002394580900471066
8M,S22A1_HUMAN_Yee_2023_abundance,553,Expression,9803,0.4844640569258346,0.7660202839669662,0.484,0.766,0.00046405692583462166
8M,S22A1_HUMAN_Yee_2023_activity,553,Activity,10094,0.4480971033534284,0.7694701687050726,0.448,0.769,9.710335342838494e-05
8M,SAV1_MOUSE_Tsuboyama_2023_2YSB,43,Stability,965,0.2378622125678348,0.5928317352304361,0.238,0.593,0.00013778743216519285
8M,SBI_STAAM_Tsuboyama_2023_2JVG,56,Stability,1025,0.230234085276708,0.6138206739006282,0.23,0.614,0.00023408527670798485
8M,SC6A4_HUMAN_Young_2021,630,Activity,11576,0.15872433363488267,0.5878804340558283,0.159,0.588,0.000275666365117333
8M,SCIN_STAAR_Tsuboyama_2023_2QFF,70,Stability,1212,0.20847879417141074,0.584910695564324,0.208,0.585,0.0004787941714107513
8M,SCN5A_HUMAN_Glazer_2019,2016,OrganismalFitness,224,0.12087194618583812,0.5532525510204082,0.216,0.623,0.09512805381416188
8M,SDA_BACSU_Tsuboyama_2023_1PV0,44,Stability,2770,0.24889106885150525,0.7202918950413417,0.249,0.72,0.00010893114849475083
8M,SERC_HUMAN_Xie_2023,370,OrganismalFitness,1914,0.18280897268490792,0.5873817627141592,0.183,0.587,0.00019102731509207382
8M,SHOC2_HUMAN_Kwon_2022,582,OrganismalFitness,10972,0.24240671763822313,0.6132109412019066,0.242,0.613,0.0004067176382231419
8M,SOX30_HUMAN_Tsuboyama_2023_7JJK,57,Stability,1010,0.29847789671433467,0.6439792013050161,0.298,0.644,0.00047789671433468017
8M,SPA_STAAU_Tsuboyama_2023_1LP1,55,Stability,2105,-0.03173209791030839,0.43582090630208026,-0.032,0.436,0.0002679020896916087
8M,SPG1_STRSG_Olson_2014,448,Binding,536962,0.28029382016785714,0.6495284578049016,0.28,0.65,0.0002938201678571173
8M,SPG1_STRSG_Wu_2016,448,Binding,149360,0.029937071523053096,0.6449570821550906,0.03,0.645,6.29284769469024e-05
8M,SPG2_STRSG_Tsuboyama_2023_5UBS,56,Stability,1451,0.366012897032127,0.7186314749363432,0.366,0.719,1.2897032127034969e-05
8M,SPIKE_SARS2_Starr_2020_binding,1273,Binding,3802,-0.05064858866001799,0.45389908462913553,-0.049,0.454,0.001648588660017991
8M,SPIKE_SARS2_Starr_2020_expression,1273,Expression,3798,-0.02662342867319699,0.4729154128743405,-0.026,0.473,0.00062342867319699
8M,SPTN1_CHICK_Tsuboyama_2023_1TUD,60,Stability,3201,-0.1326282688830259,0.4440021598491544,-0.133,0.444,0.0003717311169741111
8M,SQSTM_MOUSE_Tsuboyama_2023_2RRU,40,Stability,707,0.1856635138439936,0.5736659304075035,0.186,0.574,0.0003364861560063992
8M,SR43C_ARATH_Tsuboyama_2023_2N88,48,Stability,1583,-0.2670636519900547,0.34723849973654375,-0.267,0.347,6.365199005470279e-05
8M,SRBS1_HUMAN_Tsuboyama_2023_2O2W,67,Stability,1556,0.4977633485045201,0.7669418209761781,0.498,0.767,0.0002366514954799115
8M,SRC_HUMAN_Ahler_2019,536,Activity,3372,0.44672053496460545,0.7752657864807398,0.447,0.775,0.0002794650353945549
8M,SRC_HUMAN_Chakraborty_2023_binding-DAS_25uM,536,Activity,3637,0.3576467773849293,0.6943114599396967,0.358,0.694,0.00035322261507070296
8M,SRC_HUMAN_Nguyen_2022,536,OrganismalFitness,3366,0.34200456014982716,0.6743072782455951,0.342,0.674,4.560149827137483e-06
8M,SUMO1_HUMAN_Weile_2017,101,OrganismalFitness,1700,0.24979068932305548,0.6452498168498167,0.25,0.645,0.00020931067694451855
8M,SYUA_HUMAN_Newberry_2020,140,OrganismalFitness,2497,0.10545040650369407,0.6689530389012254,0.105,0.669,0.000450406503694073
8M,TADBP_HUMAN_Bolognesi_2019,414,OrganismalFitness,1196,0.12105583363398628,0.5519569132336328,0.121,0.552,5.583363398628527e-05
8M,TAT_HV1BR_Fernandes_2016,86,OrganismalFitness,1577,-0.03399526110534774,0.4790241411327762,-0.034,0.479,4.738894652259185e-06
8M,TCRG1_MOUSE_Tsuboyama_2023_1E0L,37,Stability,1058,0.7238682065912428,0.9081838499941948,0.724,0.908,0.00013179340875713041
8M,THO1_YEAST_Tsuboyama_2023_2WQG,41,Stability,1279,0.1862763923913562,0.5757748141787641,0.186,0.576,0.00027639239135621163
8M,TNKS2_HUMAN_Tsuboyama_2023_5JRT,59,Stability,1479,0.04357411066081017,0.5053612192338084,0.044,0.505,0.00042588933918982774
8M,TPK1_HUMAN_Weile_2017,243,OrganismalFitness,3181,0.10809183472340744,0.5705441600888573,0.108,0.571,9.183472340744403e-05
8M,TPMT_HUMAN_Matreyek_2018,245,Expression,3648,0.30842878218976155,0.7063765901840963,0.308,0.706,0.00042878218976155624
8M,TPOR_HUMAN_Bridgford_2020,635,OrganismalFitness,562,0.278618640688446,0.6936617154507063,0.279,0.694,0.00038135931155403036
8M,TRPC_SACS2_Chan_2017,248,OrganismalFitness,1519,0.3254823561014428,0.6887130140534821,0.325,0.689,0.0004823561014428157
8M,TRPC_THEMA_Chan_2017,252,OrganismalFitness,1519,0.32721693723305134,0.6610329201538501,0.327,0.661,0.00021693723305132862
8M,UBC9_HUMAN_Weile_2017,159,OrganismalFitness,2563,0.000915146680105904,0.49784441026353,0.001,0.498,8.485331989409599e-05
8M,UBE4B_HUMAN_Tsuboyama_2023_3L1X,69,Stability,3622,0.3469564100404134,0.7513556384777718,0.347,0.751,4.35899595865874e-05
8M,UBE4B_MOUSE_Starita_2013,1173,Activity,899,0.39911599001480336,0.8159882923259856,0.399,0.817,0.00011599001480333548
8M,UBR5_HUMAN_Tsuboyama_2023_1I2T,58,Stability,1453,0.22592640966508967,0.6268152190389571,0.226,0.627,7.359033491033395e-05
8M,VG08_BPP22_Tsuboyama_2023_2GP8,40,Stability,723,0.36023111057147306,0.674074074074074,0.36,0.674,0.0002311105714730699
8M,VILI_CHICK_Tsuboyama_2023_1YU5,65,Stability,2568,0.3714061688668786,0.6950849655044682,0.371,0.695,0.000406168866878609
8M,VKOR1_HUMAN_Chiasson_2020_abundance,163,Expression,2695,0.25081656844521144,0.6044011420036612,0.251,0.604,0.0001834315547885601
8M,VKOR1_HUMAN_Chiasson_2020_activity,163,Activity,697,0.016026614582343397,0.5342688540907556,0.016,0.534,2.661458234339692e-05
8M,VRPI_BPT7_Tsuboyama_2023_2WNM,56,Stability,1047,0.252010389595399,0.6686791448898501,0.252,0.669,1.0389595399007412e-05
8M,YAIA_ECOLI_Tsuboyama_2023_2KVT,52,Stability,1890,-0.10723268539140945,0.4324939306798534,-0.107,0.432,0.00023268539140945677
8M,YAP1_HUMAN_Araya_2012,504,Binding,10075,0.41070454937198525,0.7156557551924413,0.411,0.716,0.0002954506280147262
8M,YNZC_BACSU_Tsuboyama_2023_2JVD,39,Stability,2300,0.5841752428374339,0.874189856227434,0.584,0.874,0.0001752428374339754
35M,A0A140D2T1_ZIKV_Sourisseau_2019,3423,OrganismalFitness,9576,-0.05890434454893015,0.4613144529382493,-0.054,0.464,0.004904344548930149
35M,A0A192B1T2_9HIV1_Haddox_2018,852,OrganismalFitness,12577,0.015378440812927937,0.5101633358752968,0.015,0.51,0.0003784408129279375
35M,A0A1I9GEU1_NEIME_Kennouche_2019,161,Activity,922,-0.04721493228020329,0.4675559947299078,-0.047,0.468,0.00021493228020329214
35M,A0A247D711_LISMN_Stadelmann_2021,87,Activity,1653,0.08436112895631422,0.5529481687947042,0.084,0.553,0.0003611289563142106
35M,A0A2Z5U3Z0_9INFA_Doud_2016,565,OrganismalFitness,10715,0.012776872247127882,0.5042040314804065,0.013,0.504,0.00022312775287211713
35M,A0A2Z5U3Z0_9INFA_Wu_2014,565,OrganismalFitness,2350,0.07274043989302877,0.5313542779538252,0.073,0.531,0.00025956010697122944
35M,A4D664_9INFA_Soh_2019,759,OrganismalFitness,14421,0.020119309678665785,0.5088662413007097,0.02,0.509,0.00011930967866578476
35M,A4GRB6_PSEAI_Chen_2020,266,OrganismalFitness,5004,0.5279513529715788,0.7906084597052759,0.528,0.791,4.8647028421222593e-05
35M,A4_HUMAN_Seuma_2022,770,Stability,14811,0.3661861224081959,0.7003309482369484,0.366,0.7,0.0001861224081959323
35M,AACC1_PSEAI_Dandage_2018,177,OrganismalFitness,1801,0.24771061964368382,0.6210704155876188,0.248,0.621,0.00028938035631617676
35M,ACE2_HUMAN_Chan_2020,805,Binding,2223,0.06160614459488648,0.5218126129159678,0.062,0.522,0.00039385540511351763
35M,ADRB2_HUMAN_Jones_2020,413,Activity,7800,0.4444059545586146,0.7288620644312953,0.444,0.729,0.0004059545586145852
35M,AICDA_HUMAN_Gajula_2014_3cycles,198,Activity,209,-0.26417394243643216,0.3730706075533662,-0.264,0.373,0.00017394243643215068
35M,AMFR_HUMAN_Tsuboyama_2023_4G3O,47,Stability,2972,0.2864766459735534,0.6387430807838306,0.286,0.639,0.0004766459735534023
35M,AMIE_PSEAE_Wrenbeck_2017,346,Activity,6227,0.40821127714912736,0.6930237029912268,0.408,0.693,0.00021127714912738682
35M,ANCSZ_Hobbs_2022,627,Activity,4670,0.5923412130299527,0.7831769598650092,0.592,0.783,0.00034121302995271385
35M,ARGR_ECOLI_Tsuboyama_2023_1AOY,69,Stability,1287,0.2967669290612019,0.6190259994300702,0.297,0.619,0.0002330709387980967
35M,B2L11_HUMAN_Dutta_2010_binding-Mcl-1,198,Binding,170,0.12268000317535921,0.585672392124005,0.123,0.586,0.00031999682464078916
35M,BBC1_YEAST_Tsuboyama_2023_1TG0,64,Stability,2069,0.42149344516596604,0.7240442575029596,0.421,0.724,0.0004934451659660555
35M,BCHB_CHLTE_Tsuboyama_2023_2KRU,52,Stability,1572,0.18207426030119714,0.6030970148649589,0.182,0.603,7.426030119714322e-05
35M,BLAT_ECOLX_Deng_2012,286,OrganismalFitness,4996,0.3536778197602068,0.6825946174636357,0.354,0.683,0.00032218023979319055
35M,BLAT_ECOLX_Firnberg_2014,286,OrganismalFitness,4783,0.5548078225151019,0.7730244672283495,0.555,0.773,0.00019217748489819275
35M,BLAT_ECOLX_Jacquier_2013,286,OrganismalFitness,989,0.519999320701797,0.7547118877000099,0.52,0.755,6.792982030212613e-07
35M,BLAT_ECOLX_Stiffler_2015,286,OrganismalFitness,4996,0.5567129855160479,0.7822749793109107,0.557,0.782,0.000287014483952186
35M,BRCA1_HUMAN_Findlay_2018,1863,OrganismalFitness,1837,0.3925527317191151,0.7685609121106025,0.392,0.767,0.0005527317191150738
35M,BRCA2_HUMAN_Erwood_2022_HEK293T,3418,OrganismalFitness,265,0.10111492281303604,0.5289256198347106,0.103,0.528,0.001885077186963957
35M,C6KNH7_9INFA_Lee_2018,566,OrganismalFitness,10754,-0.02171224398711642,0.48848977880528965,-0.022,0.488,0.00028775601288357974
35M,CALM1_HUMAN_Weile_2017,149,OrganismalFitness,1813,0.19894227281445656,0.602206045206403,0.199,0.602,5.772718554344913e-05
35M,CAPSD_AAV2S_Sinai_2021,735,OrganismalFitness,42328,0.2855366637221575,0.6586886081390968,0.286,0.659,0.0004633362778424521
35M,CAR11_HUMAN_Meitlis_2020_gof,1154,OrganismalFitness,2374,0.09641918082216001,0.556660200452635,0.095,0.556,0.0014191808221600127
35M,CAR11_HUMAN_Meitlis_2020_lof,1154,OrganismalFitness,2395,0.11585741829907702,0.5525343137254902,0.115,0.552,0.0008574182990770118
35M,CAS9_STRP1_Spencer_2017_positive,1368,Activity,8117,0.09043112806795194,0.5440798311159777,0.09,0.544,0.0004311280679519386
35M,CASP3_HUMAN_Roychowdhury_2020,258,Activity,1567,0.5735179578583482,0.7917850262839978,0.574,0.792,0.0004820421416517062
35M,CASP7_HUMAN_Roychowdhury_2020,281,Activity,1680,0.5978074300824024,0.8258440767305045,0.598,0.826,0.00019256991759752928
35M,CATR_CHLRE_Tsuboyama_2023_2AMI,72,Stability,1903,0.6885812013893515,0.8694750266896245,0.689,0.869,0.0004187986106484187
35M,CBPA2_HUMAN_Tsuboyama_2023_1O6X,72,Stability,2068,0.6878863299455628,0.8604666389796201,0.688,0.86,0.00011367005443718714
35M,CBS_HUMAN_Sun_2020,551,OrganismalFitness,7217,0.2256148195685025,0.6269646810841852,0.226,0.627,0.00038518043149751713
35M,CBX4_HUMAN_Tsuboyama_2023_2K28,50,Stability,2282,0.734601340909152,0.8775272699339375,0.735,0.878,0.0003986590908480192
35M,CCDB_ECOLI_Adkar_2012,101,Activity,1176,-0.018062310357706213,0.4769265032119233,-0.018,0.477,6.231035770621479e-05
35M,CCDB_ECOLI_Tripathi_2016,101,OrganismalFitness,1663,-0.0012244250051140098,0.5016948373002185,-0.001,0.502,0.0002244250051140098
35M,CCR5_HUMAN_Gill_2023,352,Binding,6137,0.35769842705759125,0.6698010785462074,0.358,0.67,0.00030157294240873433
35M,CD19_HUMAN_Klesmith_2019_FMC_singles,556,Binding,3761,0.09336190614383014,0.6203521484252762,0.093,0.62,0.0003619061438301374
35M,CP2C9_HUMAN_Amorosi_2021_abundance,490,Expression,6370,0.6046493552370076,0.8030925970194864,0.605,0.803,0.00035064476299240255
35M,CP2C9_HUMAN_Amorosi_2021_activity,490,Binding,6142,0.6547487164855095,0.8247613386475575,0.655,0.825,0.0002512835144905523
35M,CSN4_MOUSE_Tsuboyama_2023_1UFM,72,Stability,3295,0.6861183345366005,0.8859883911067914,0.686,0.886,0.00011833453660048399
35M,CUE1_YEAST_Tsuboyama_2023_2MYX,52,Stability,1580,0.4276595755361466,0.6953523214357248,0.428,0.695,0.00034042446385340597
35M,D7PM05_CLYGR_Somermeyer_2022,235,Activity,24515,0.05324223200387384,0.5216551060838168,0.053,0.522,0.0002422320038738407
35M,DLG4_HUMAN_Faure_2021,724,OrganismalFitness,6976,0.7635197222652935,0.9210982132054331,0.764,0.921,0.00048027773470649127
35M,DLG4_RAT_McLaughlin_2012,724,Binding,1576,0.542717135289918,0.8827752965870528,0.543,0.883,0.000282864710081987
35M,DN7A_SACS2_Tsuboyama_2023_1JIC,55,Stability,1008,0.2093083092007371,0.5665473786155499,0.209,0.567,0.0003083092007371002
35M,DNJA1_HUMAN_Tsuboyama_2023_2LO1,65,Stability,2264,0.8159411387517881,0.955420802896922,0.816,0.955,5.886124821186112e-05
35M,DOCK1_MOUSE_Tsuboyama_2023_2M0Y,66,Stability,2915,0.45796565934553735,0.7187395831567767,0.458,0.719,3.4340654462672315e-05
35M,DYR_ECOLI_Nguyen_2023,159,OrganismalFitness,2916,0.499951011375728,0.8537570427910577,0.5,0.854,4.898862427199502e-05
35M,DYR_ECOLI_Thompson_2019,159,OrganismalFitness,2363,0.34907495848927705,0.7241426932751743,0.349,0.724,7.495848927707716e-05
35M,ENVZ_ECOLI_Ghose_2023,60,Activity,1121,0.20661205503384894,0.6146319861056332,0.207,0.615,0.00038794496615104923
35M,ENV_HV1B9_DuenasDecamp_2016,853,OrganismalFitness,375,0.05478973225569024,0.5145202455680485,0.055,0.515,0.00021026774430975975
35M,ENV_HV1BR_Haddox_2016,861,OrganismalFitness,12863,-0.006189180533714671,0.49476725319560577,-0.006,0.495,0.00018918053371467115
35M,EPHB2_HUMAN_Tsuboyama_2023_1F0M,66,Stability,1960,0.7680648286172036,0.9409758667799603,0.768,0.941,6.48286172035828e-05
35M,ERBB2_HUMAN_Elazar_2016,1255,Expression,326,0.4617102847155637,0.7316556291390728,0.463,0.732,0.0012897152844363324
35M,ESTA_BACSU_Nutschel_2020,212,Stability,2172,0.27009644506441743,0.6208071076621214,0.27,0.621,9.64450644174164e-05
35M,F7YBW8_MESOW_Aakre_2015,93,OrganismalFitness,9192,-0.0008129823151972582,0.5132408341608589,-0.001,0.513,0.0001870176848027418
35M,F7YBW8_MESOW_Ding_2023,93,OrganismalFitness,7922,0.6261763359867852,0.8638746958083211,0.626,0.864,0.00017633598678523654
35M,FECA_ECOLI_Tsuboyama_2023_2D1U,72,Stability,1886,0.44875422408047777,0.735127913606445,0.449,0.735,0.00024577591952223976
35M,FKBP3_HUMAN_Tsuboyama_2023_2KFV,69,Stability,1237,0.16341026874611794,0.5924645000731956,0.163,0.592,0.0004102687461179366
35M,GAL4_YEAST_Kitzman_2015,881,OrganismalFitness,1195,0.3922104020492641,0.7115186257785536,0.392,0.712,0.00021040204926409123
35M,GCN4_YEAST_Staller_2018,281,Binding,2638,0.27796457661966034,0.6442272817933039,0.278,0.644,3.5423380339683064e-05
35M,GDIA_HUMAN_Silverstein_2021,447,OrganismalFitness,1154,0.24705077171423487,0.618489227432876,0.247,0.618,5.07717142348707e-05
35M,GFP_AEQVI_Sarkisyan_2016,238,Activity,51714,0.13133070863407378,0.5829031724862066,0.131,0.583,0.0003307086340737786
35M,GLPA_HUMAN_Elazar_2016,150,Expression,245,0.3916808786689407,0.7464214046822742,0.392,0.746,0.0003191213310593244
35M,GRB2_HUMAN_Faure_2021,217,OrganismalFitness,63366,0.5975146046982217,0.8321516565116255,0.598,0.832,0.0004853953017782686
35M,HCP_LAMBD_Tsuboyama_2023_2L6Q,55,Stability,1040,0.41632243629037274,0.7043780233435406,0.416,0.704,0.0003224362903727629
35M,HECD1_HUMAN_Tsuboyama_2023_3DKM,72,Stability,5586,0.2063922653434985,0.6562636833918548,0.206,0.656,0.00039226534349851017
35M,HEM3_HUMAN_Loggerenberg_2023,361,Activity,5689,0.38723506132601526,0.6900098972113792,0.387,0.69,0.0002350613260152512
35M,HIS7_YEAST_Pokusaeva_2019,220,OrganismalFitness,496137,0.11266814932487577,0.5683173699323771,0.113,0.568,0.00033185067512422894
35M,HMDH_HUMAN_Jiang_2019,888,OrganismalFitness,16853,0.009828778539513186,0.49762922010037225,0.01,0.498,0.00017122146048681453
35M,HSP82_YEAST_Cote-Hammarlof_2020_growth-H2O2,709,OrganismalFitness,2252,0.07090273574508205,0.5497701108598446,0.071,0.55,9.726425491794755e-05
35M,HSP82_YEAST_Flynn_2019,709,OrganismalFitness,13294,0.09431268993591686,0.5698447958197305,0.094,0.57,0.0003126899359168628
35M,HSP82_YEAST_Mishra_2016,709,OrganismalFitness,4323,0.2906098348225438,0.7799217345801197,0.291,0.78,0.00039016517745615875
35M,HXK4_HUMAN_Gersing_2022_activity,465,OrganismalFitness,8570,0.29247101000397263,0.6488612007096477,0.292,0.649,0.00047101000397264947
35M,HXK4_HUMAN_Gersing_2023_abundance,465,Expression,8396,0.1851421214048594,0.610234197364987,0.185,0.61,0.00014212140485939107
35M,I6TAH8_I68A0_Doud_2015,498,OrganismalFitness,9462,0.024787200436449452,0.5102117466517496,0.025,0.51,0.0002127995635505496
35M,IF1_ECOLI_Kelsic_2016,72,OrganismalFitness,1367,0.4770014960312371,0.7559955594081239,0.477,0.756,1.4960312371137263e-06
35M,ILF3_HUMAN_Tsuboyama_2023_2L33,71,Stability,1329,0.3243970791429607,0.7750991506658361,0.324,0.775,0.0003970791429606657
35M,ISDH_STAAW_Tsuboyama_2023_2LHR,55,Stability,1944,0.393765004719628,0.694683712604389,0.394,0.695,0.000234995280372019
35M,KCNE1_HUMAN_Muhammad_2023_expression,129,Expression,2339,0.1769203508613103,0.6506637145035457,0.177,0.651,7.964913868968582e-05
35M,KCNE1_HUMAN_Muhammad_2023_function,129,Activity,2315,0.16217792615596402,0.5667368656883611,0.162,0.567,0.0001779261559640144
35M,KCNH2_HUMAN_Kozek_2020,1159,Activity,200,0.30823820595514895,0.6565999999999999,0.197,0.593,0.11123820595514894
35M,KCNJ2_MOUSE_Coyote-Maestas_2022_function,428,Activity,6963,0.2887607610339545,0.6522972095324119,0.289,0.652,0.00023923896604549633
35M,KCNJ2_MOUSE_Coyote-Maestas_2022_surface,428,Expression,6917,0.36014464802682605,0.6689115459942137,0.36,0.669,0.00014464802682606637
35M,KKA2_KLEPN_Melnikov_2014,264,OrganismalFitness,4960,0.26076269907801425,0.6549895506792058,0.261,0.655,0.00023730092198576136
35M,LGK_LIPST_Klesmith_2015,439,Activity,7890,0.32726580929714016,0.6544930371826814,0.327,0.654,0.00026580929714015156
35M,LYAM1_HUMAN_Elazar_2016,372,Expression,359,0.36339280197118096,0.6721270632201806,0.363,0.672,0.00039280197118096716
35M,MAFG_MOUSE_Tsuboyama_2023_1K1V,41,Stability,1429,0.42877185384080374,0.7951276981237261,0.429,0.795,0.00022814615919625192
35M,MBD11_ARATH_Tsuboyama_2023_6ACV,66,Stability,2116,0.025476989433508,0.5390002680246583,0.025,0.539,0.00047698943350799744
35M,MET_HUMAN_Estevam_2023,287,Activity,5393,0.5152046762105112,0.8260780125866815,0.515,0.826,0.0002046762105112343
35M,MK01_HUMAN_Brenan_2016,360,OrganismalFitness,6809,0.1987197129564382,0.6213941963415244,0.199,0.621,0.000280287043561811
35M,MLAC_ECOLI_MacRae_2023,211,OrganismalFitness,4007,0.23571702024941565,0.6143736808135782,0.236,0.614,0.00028297975058433344
35M,MSH2_HUMAN_Jia_2020,934,OrganismalFitness,16749,0.3492292392375149,0.823817815496073,0.349,0.824,0.00022923923751494435
35M,MTH3_HAEAE_RockahShmuel_2015,330,OrganismalFitness,1777,0.35160025283589774,0.6973668392052095,0.352,0.697,0.00039974716410223765
35M,MTHR_HUMAN_Weile_2021,656,OrganismalFitness,12464,0.41418986777859984,0.685355018390987,0.414,0.685,0.00018986777859986148
35M,MYO3_YEAST_Tsuboyama_2023_2BTT,61,Stability,3297,0.4111822093880103,0.7262776326124941,0.411,0.726,0.00018220938801033482
35M,NCAP_I34A1_Doud_2015,498,OrganismalFitness,9462,0.02624021708366013,0.5200172805719647,0.026,0.52,0.0002402170836601318
35M,NKX31_HUMAN_Tsuboyama_2023_2L9R,61,Stability,2482,0.6379107369035435,0.82367993754879,0.638,0.824,8.926309645651553e-05
35M,NPC1_HUMAN_Erwood_2022_HEK293T,1278,Activity,637,0.3920095147904424,0.7153589840311834,0.394,0.716,0.0019904852095576353
35M,NPC1_HUMAN_Erwood_2022_RPE1,1278,Activity,63,0.384360599078341,0.604040404040404,0.394,0.61,0.009639400921658992
35M,NRAM_I33A0_Jiang_2016,453,OrganismalFitness,298,-0.09810864815241822,0.44425926760055856,-0.098,0.444,0.00010864815241821979
35M,NUD15_HUMAN_Suiter_2020,164,Expression,2844,0.41929032198813354,0.7349974298229931,0.419,0.735,0.00029032198813355725
35M,NUSA_ECOLI_Tsuboyama_2023_1WCL,69,Stability,2028,0.3896194596069931,0.698199271538959,0.39,0.698,0.0003805403930068896
35M,NUSG_MYCTU_Tsuboyama_2023_2MI6,55,Stability,1380,0.5612103345989996,0.7959668491477067,0.561,0.796,0.00021033459899955087
35M,OBSCN_HUMAN_Tsuboyama_2023_1V1C,65,Stability,3197,0.7788208600848867,0.9002734707830141,0.779,0.9,0.00017913991511331329
35M,ODP2_GEOSE_Tsuboyama_2023_1W4G,44,Stability,1134,-0.15097441324719885,0.4147429293510908,-0.151,0.415,2.558675280114886e-05
35M,OPSD_HUMAN_Wan_2019,348,Expression,165,0.5075655170571421,0.7771084337349398,0.508,0.777,0.00043448294285786115
35M,OTC_HUMAN_Lo_2023,354,Activity,1570,0.41071607854514497,0.6899602577646655,0.411,0.69,0.0002839214548550073
35M,OTU7A_HUMAN_Tsuboyama_2023_2L2D,42,Stability,635,0.5633285795230598,0.834977011494253,0.563,0.835,0.0003285795230598687
35M,OXDA_RHOTO_Vanella_2023_activity,364,Activity,6396,0.21912610888819115,0.6088348178302582,0.219,0.609,0.0001261088881911454
35M,OXDA_RHOTO_Vanella_2023_expression,364,Expression,6769,0.25708888997646157,0.6794350019917673,0.257,0.679,8.888997646155916e-05
35M,P53_HUMAN_Giacomelli_2018_Null_Etoposide,393,OrganismalFitness,7467,-0.14608991402382995,0.4360517462334949,-0.146,0.436,8.991402382996228e-05
35M,P53_HUMAN_Giacomelli_2018_Null_Nutlin,393,OrganismalFitness,7467,-0.14493513615732495,0.42563994087963986,-0.145,0.426,6.48638426750392e-05
35M,P53_HUMAN_Giacomelli_2018_WT_Nutlin,393,OrganismalFitness,7467,-0.17440774828543276,0.44019689229459347,-0.174,0.44,0.0004077482854327741
35M,P53_HUMAN_Kotler_2018,393,OrganismalFitness,1048,0.10816979112946995,0.5443626092236212,0.108,0.544,0.00016979112946995112
35M,P84126_THETH_Chan_2017,254,OrganismalFitness,1519,0.5513599404574151,0.8089794931626358,0.551,0.809,0.0003599404574150533
35M,PABP_YEAST_Melamed_2013,577,OrganismalFitness,37708,0.5656356213473381,0.805463578788985,0.566,0.805,0.000364378652661812
35M,PAI1_HUMAN_Huttinger_2021,402,Activity,5345,0.3910385104761123,0.6879746260216241,0.391,0.688,3.8510476112307845e-05
35M,PA_I34A1_Wu_2015,716,OrganismalFitness,1820,0.028707243978906352,0.519963772491245,0.029,0.52,0.0002927560210936493
35M,PHOT_CHLRE_Chen_2023,118,Activity,167529,0.8234277737306614,0.9110676087009464,0.823,0.911,0.00042777373066149593
35M,PIN1_HUMAN_Tsuboyama_2023_1I6C,39,Stability,802,0.6463560293672561,0.8323383084577115,0.646,0.832,0.00035602936725609435
35M,PITX2_HUMAN_Tsuboyama_2023_2L7M,52,Stability,1824,0.6518986980823818,0.8361415201020137,0.652,0.836,0.00010130191761825724
35M,PKN1_HUMAN_Tsuboyama_2023_1URF,71,Stability,1301,0.3467625127345937,0.7330261660285946,0.347,0.733,0.00023748726540628873
35M,POLG_CXB3N_Mattenberger_2021,2185,OrganismalFitness,15711,-0.05522584809164103,0.4689728528535926,-0.056,0.469,0.0007741519083589721
35M,POLG_DEN26_Suphatrakul_2023,900,OrganismalFitness,16897,0.007212580821673846,0.5132481539750984,0.007,0.513,0.0002125808216738457
35M,POLG_HCVJF_Qi_2014,3033,OrganismalFitness,1630,0.1373149914097942,0.5710062063236084,0.128,0.565,0.009314991409794193
35M,POLG_PESV_Tsuboyama_2023_2MXD,53,Stability,5130,0.13988371888931084,0.556117247570948,0.14,0.556,0.0001162811106891759
35M,PPARG_HUMAN_Majithia_2016,505,Activity,9576,0.12604806936523064,0.6124873954151389,0.126,0.612,4.806936523063521e-05
35M,PPM1D_HUMAN_Miller_2022,605,OrganismalFitness,7889,0.38636699761191934,0.6922942991866228,0.386,0.692,0.00036699761191932856
35M,PR40A_HUMAN_Tsuboyama_2023_1UZC,63,Stability,2033,0.5353920334114088,0.77871662495088,0.535,0.779,0.00039203341140880976
35M,PRKN_HUMAN_Clausen_2023,465,Expression,8756,0.2923320874105369,0.6522067954268466,0.292,0.652,0.0003320874105369187
35M,PSAE_PICP2_Tsuboyama_2023_1PSE,68,Stability,1579,0.5704851997064152,0.842218754195194,0.57,0.842,0.00048519970641525134
35M,PTEN_HUMAN_Matreyek_2021,403,Expression,5083,0.2736752824166917,0.6354286940439575,0.274,0.635,0.00032471758330832046
35M,PTEN_HUMAN_Mighell_2018,403,Activity,7260,0.40747067718805485,0.7723778424750041,0.407,0.772,0.0004706771880548799
35M,Q2N0S5_9HIV1_Haddox_2018,860,OrganismalFitness,12729,-0.0031903816722389927,0.5093909282369248,-0.003,0.509,0.00019038167223899265
35M,Q53Z42_HUMAN_McShan_2019_binding-TAPBPR,365,Binding,3344,0.18630626545994486,0.5961028313387476,0.186,0.596,0.00030626545994486
35M,Q53Z42_HUMAN_McShan_2019_expression,365,Expression,3344,0.10634519844369865,0.5452642121924828,0.106,0.545,0.00034519844369865216
35M,Q59976_STRSQ_Romero_2015,501,Activity,2999,0.44809360467811554,0.7409335443037974,0.448,0.741,9.360467811553308e-05
35M,Q6WV12_9MAXI_Somermeyer_2022,222,Activity,31401,0.04571584866598256,0.5185224438784505,0.046,0.519,0.000284151334017442
35M,Q837P4_ENTFA_Meier_2023,589,Activity,697,0.4747836195908952,0.7161753777557592,0.475,0.716,0.00021638040910476608
35M,Q837P5_ENTFA_Meier_2023,571,Activity,747,0.23956049859284306,0.5782631828705368,0.24,0.578,0.0004395014071569281
35M,Q8WTC7_9CNID_Somermeyer_2022,238,Activity,33510,-0.03537697300645758,0.4537001526820903,-0.035,0.454,0.00037697300645757326
35M,R1AB_SARS2_Flynn_2022,306,OrganismalFitness,5725,-0.026348469750222606,0.4989724897614325,-0.026,0.499,0.0003484697502226068
35M,RAD_ANTMA_Tsuboyama_2023_2CJJ,54,Stability,912,0.6867775040835298,0.8464747681560881,0.687,0.846,0.00022249591647027778
35M,RAF1_HUMAN_Zinkus-Boltz_2019,648,OrganismalFitness,297,0.24196122029624645,0.618639455782313,0.242,0.619,3.8779703753544226e-05
35M,RASH_HUMAN_Bandaru_2017,189,Activity,3134,0.5135136532652147,0.8493924635201795,0.514,0.849,0.00048634673478531454
35M,RASK_HUMAN_Weng_2022_abundance,188,Expression,26012,0.3671536426360702,0.6825936311429547,0.367,0.683,0.0001536426360702059
35M,RASK_HUMAN_Weng_2022_binding-DARPin_K55,188,Binding,24873,0.6048966636461506,0.8240213486928252,0.605,0.824,0.00010333635384940365
35M,RBP1_HUMAN_Tsuboyama_2023_2KWH,52,Stability,1332,0.39384820822948946,0.7082067006357938,0.394,0.708,0.00015179177051055648
35M,RCD1_ARATH_Tsuboyama_2023_5OAO,57,Stability,1261,0.39230629789226035,0.6921242010970762,0.392,0.692,0.0003062978922603321
35M,RCRO_LAMBD_Tsuboyama_2023_1ORC,63,Stability,2278,0.42183286361323225,0.6536091549295775,0.422,0.654,0.00016713638676774112
35M,RD23A_HUMAN_Tsuboyama_2023_1IFY,44,Stability,1019,0.6746363301591953,0.8357759284943751,0.675,0.836,0.00036366984080471454
35M,RDRP_I33A0_Li_2023,757,OrganismalFitness,12003,0.04055378461581112,0.5395587851912956,0.041,0.54,0.0004462153841888819
35M,REV_HV1H2_Fernandes_2016,116,OrganismalFitness,2147,0.0459427948897705,0.5218890369969245,0.046,0.522,5.7205110229496814e-05
35M,RFAH_ECOLI_Tsuboyama_2023_2LCL,55,Stability,1326,0.07776054932490845,0.5287257736837196,0.078,0.529,0.00023945067509155427
35M,RL20_AQUAE_Tsuboyama_2023_1GYZ,59,Stability,1461,0.42069473342106434,0.705789743994943,0.421,0.706,0.0003052665789356479
35M,RL40A_YEAST_Mavor_2016,128,OrganismalFitness,1253,0.3967929684787343,0.7379697023492514,0.397,0.738,0.00020703152126572144
35M,RL40A_YEAST_Roscoe_2013,128,OrganismalFitness,1195,0.4229433013291363,0.7295454133785767,0.423,0.73,5.669867086366409e-05
35M,RL40A_YEAST_Roscoe_2014,128,Activity,1380,0.5213213654053178,0.8163219623275557,0.521,0.816,0.0003213654053177972
35M,RNC_ECOLI_Weeks_2023,226,Activity,4277,0.5570607645571413,0.7815871377482025,0.557,0.782,6.076455714121298e-05
35M,RPC1_BP434_Tsuboyama_2023_1R69,61,Stability,1459,0.741102296605169,0.8900492070115293,0.741,0.89,0.00010229660516902772
35M,RPC1_LAMBD_Li_2019_high-expression,237,Activity,351,0.2891192141192141,0.7180978051597997,0.289,0.718,0.00011921411921411718
35M,RPC1_LAMBD_Li_2019_low-expression,237,Activity,351,0.2628515928515929,0.6199675324675324,0.263,0.62,0.00014840714840713698
35M,RS15_GEOSE_Tsuboyama_2023_1A32,63,Stability,1195,0.3261061087017105,0.656812324929972,0.326,0.657,0.00010610870171046116
35M,S22A1_HUMAN_Yee_2023_abundance,553,Expression,9803,0.5372933581765543,0.791046765693682,0.537,0.791,0.0002933581765542925
35M,S22A1_HUMAN_Yee_2023_activity,553,Activity,10094,0.4798093635362848,0.7887907759967531,0.48,0.789,0.00019063646371519916
35M,SAV1_MOUSE_Tsuboyama_2023_2YSB,43,Stability,965,0.4958475243613853,0.7394447881224868,0.496,0.739,0.00015247563861470192
35M,SBI_STAAM_Tsuboyama_2023_2JVG,56,Stability,1025,0.26606885682451253,0.6286198362840282,0.266,0.629,6.885682451251984e-05
35M,SC6A4_HUMAN_Young_2021,630,Activity,11576,0.326635207231834,0.6754122361447487,0.327,0.675,0.00036479276816603345
35M,SCIN_STAAR_Tsuboyama_2023_2QFF,70,Stability,1212,0.30536084331885355,0.6248669079343295,0.305,0.625,0.00036084331885355425
35M,SCN5A_HUMAN_Glazer_2019,2016,OrganismalFitness,224,0.1575612498285485,0.5689572704081632,0.177,0.591,0.019438750171451497
35M,SDA_BACSU_Tsuboyama_2023_1PV0,44,Stability,2770,0.27383250471882253,0.7335826423535475,0.274,0.734,0.0001674952811774877
35M,SERC_HUMAN_Xie_2023,370,OrganismalFitness,1914,0.4072892891578837,0.691565967752326,0.407,0.692,0.000289289157883732
35M,SHOC2_HUMAN_Kwon_2022,582,OrganismalFitness,10972,0.24917539513916015,0.6177928757402128,0.249,0.618,0.00017539513916015048
35M,SOX30_HUMAN_Tsuboyama_2023_7JJK,57,Stability,1010,0.39581974760574345,0.6868392571446498,0.396,0.687,0.0001802523942565637
35M,SPA_STAAU_Tsuboyama_2023_1LP1,55,Stability,2105,-0.032603494261866955,0.43842096805354686,-0.033,0.438,0.0003965057381330461
35M,SPG1_STRSG_Olson_2014,448,Binding,536962,0.2315596859084409,0.6258627742384733,0.232,0.626,0.0004403140915591186
35M,SPG1_STRSG_Wu_2016,448,Binding,149360,0.09737733594384321,0.6841937388740099,0.097,0.684,0.00037733594384320446
35M,SPG2_STRSG_Tsuboyama_2023_5UBS,56,Stability,1451,0.4316495713788251,0.7559476304488275,0.432,0.756,0.00035042862117490303
35M,SPIKE_SARS2_Starr_2020_binding,1273,Binding,3802,-0.03646615230201552,0.4598688702041842,-0.036,0.46,0.00046615230201552116
35M,SPIKE_SARS2_Starr_2020_expression,1273,Expression,3798,0.0021873539585508845,0.4816242227190968,0.001,0.481,0.0011873539585508844
35M,SPTN1_CHICK_Tsuboyama_2023_1TUD,60,Stability,3201,0.619391340756451,0.7965694031267803,0.619,0.797,0.0003913407564509752
35M,SQSTM_MOUSE_Tsuboyama_2023_2RRU,40,Stability,707,0.4422601047804813,0.707921188258267,0.442,0.708,0.00026010478048127395
35M,SR43C_ARATH_Tsuboyama_2023_2N88,48,Stability,1583,0.6616694950072539,0.8526609078861229,0.662,0.853,0.0003305049927461168
35M,SRBS1_HUMAN_Tsuboyama_2023_2O2W,67,Stability,1556,0.7128398006494894,0.8667608636374904,0.713,0.867,0.00016019935051059253
35M,SRC_HUMAN_Ahler_2019,536,Activity,3372,0.48638774651766886,0.7972419522326065,0.486,0.797,0.00038774651766887436
35M,SRC_HUMAN_Chakraborty_2023_binding-DAS_25uM,536,Activity,3637,0.3900980512856787,0.7182483679449734,0.39,0.718,9.805128567869081e-05
35M,SRC_HUMAN_Nguyen_2022,536,OrganismalFitness,3366,0.3780632871271801,0.6964318041031531,0.378,0.696,6.328712718012275e-05
35M,SUMO1_HUMAN_Weile_2017,101,OrganismalFitness,1700,0.49615027874119144,0.800413186813187,0.496,0.8,0.00015027874119144524
35M,SYUA_HUMAN_Newberry_2020,140,OrganismalFitness,2497,0.1423246642352544,0.6997962186217799,0.142,0.7,0.0003246642352544016
35M,TADBP_HUMAN_Bolognesi_2019,414,OrganismalFitness,1196,0.04697529777621311,0.51697687945325,0.047,0.517,2.470222378689324e-05
35M,TAT_HV1BR_Fernandes_2016,86,OrganismalFitness,1577,-0.007650394774813638,0.4988727948003714,-0.008,0.499,0.000349605225186362
35M,TCRG1_MOUSE_Tsuboyama_2023_1E0L,37,Stability,1058,0.7070923373382897,0.9141595553233485,0.707,0.914,9.233733828972746e-05
35M,THO1_YEAST_Tsuboyama_2023_2WQG,41,Stability,1279,0.5566723780590763,0.8481632543537179,0.557,0.848,0.000327621940923728
35M,TNKS2_HUMAN_Tsuboyama_2023_5JRT,59,Stability,1479,0.546857063141747,0.7604188006672714,0.547,0.76,0.00014293685825306213
35M,TPK1_HUMAN_Weile_2017,243,OrganismalFitness,3181,0.19870823572925236,0.6181055081445653,0.199,0.618,0.00029176427074764644
35M,TPMT_HUMAN_Matreyek_2018,245,Expression,3648,0.4332840880438924,0.7509185595142013,0.433,0.751,0.0002840880438924054
35M,TPOR_HUMAN_Bridgford_2020,635,OrganismalFitness,562,0.3778934470607232,0.7482161060142711,0.378,0.748,0.00010655293927680498
35M,TRPC_SACS2_Chan_2017,248,OrganismalFitness,1519,0.5393074030826911,0.8172141570990192,0.539,0.817,0.0003074030826910601
35M,TRPC_THEMA_Chan_2017,252,OrganismalFitness,1519,0.4702067582502417,0.7959344509452871,0.47,0.796,0.00020675825024174532
35M,UBC9_HUMAN_Weile_2017,159,OrganismalFitness,2563,0.0035931230643986697,0.49923519189011123,0.004,0.499,0.0004068769356013304
35M,UBE4B_HUMAN_Tsuboyama_2023_3L1X,69,Stability,3622,0.4202133889274928,0.8098175478316771,0.42,0.81,0.00021338892749284133
35M,UBE4B_MOUSE_Starita_2013,1173,Activity,899,0.4606835552828709,0.8366870941187232,0.463,0.838,0.002316444717129107
35M,UBR5_HUMAN_Tsuboyama_2023_1I2T,58,Stability,1453,0.2256852193000392,0.6353835076549947,0.226,0.635,0.00031478069996079827
35M,VG08_BPP22_Tsuboyama_2023_2GP8,40,Stability,723,0.51388127817925,0.761179981634527,0.514,0.761,0.00011872182075001181
35M,VILI_CHICK_Tsuboyama_2023_1YU5,65,Stability,2568,0.31586215068523515,0.6181228874380701,0.316,0.618,0.00013784931476484852
35M,VKOR1_HUMAN_Chiasson_2020_abundance,163,Expression,2695,0.44332356107069076,0.7071170355488292,0.443,0.707,0.0003235610706907588
35M,VKOR1_HUMAN_Chiasson_2020_activity,163,Activity,697,0.29783316008885985,0.6873766907804696,0.298,0.687,0.00016683991114013752
35M,VRPI_BPT7_Tsuboyama_2023_2WNM,56,Stability,1047,0.4102521358651237,0.7553101104502974,0.41,0.755,0.0002521358651237371
35M,YAIA_ECOLI_Tsuboyama_2023_2KVT,52,Stability,1890,0.17309256750767194,0.5739617207306476,0.173,0.574,9.256750767194788e-05
35M,YAP1_HUMAN_Araya_2012,504,Binding,10075,0.45739846429838443,0.73593331143898,0.457,0.736,0.00039846429838441555
35M,YNZC_BACSU_Tsuboyama_2023_2JVD,39,Stability,2300,0.6212987790734931,0.8826318186253781,0.621,0.883,0.00029877907349307176
