model,random_init,layer,head,precision_at_L,precision_lift,contact_attention,attention_lift,base_rate,n_proteins
35M,False,0,0,0.061127517,2.208304519657376,0.041726533,1.3224865774887813,0.03516929916733713,58
35M,False,0,1,0.059893288,2.430822767658021,0.053655427,1.9463098762920883,0.03516929916733713,58
35M,False,0,2,0.028183268,0.8996381908147512,0.03659941,1.0767232320076792,0.03516929916733713,58
35M,False,0,3,0.038744237,1.3108135648229113,0.036801375,1.0709169955541087,0.03516929916733713,58
35M,False,0,4,0.0271256,1.010312951257104,0.03248813,0.9736767297623341,0.03516929916733713,58
35M,False,0,5,0.03584695,1.1626923405380407,0.03633248,1.0508101324052752,0.03516929916733713,58
35M,False,0,6,0.04464028,1.470616872506272,0.037132636,1.1019260331079037,0.03516929916733713,58
35M,False,0,7,0.037320588,1.2575934559827788,0.04038437,1.3130102153746954,0.03516929916733713,58
35M,False,0,8,0.043900333,1.6872004259845914,0.03943981,1.207333954900585,0.03516929916733713,58
35M,False,0,9,0.04786004,1.5995636117491736,0.036382645,1.069529710222468,0.03516929916733713,58
35M,False,0,10,0.06415638,2.266035702609241,0.03664017,1.1028959941728076,0.03516929916733713,58
35M,False,0,11,0.04060249,1.0567023394654316,0.03442191,0.9740693133173809,0.03516929916733713,58
35M,False,0,12,0.041318323,1.4538559079527604,0.035764027,1.1299519720207893,0.03516929916733713,58
35M,False,0,13,0.04169413,1.4602977533384618,0.03371143,0.9735180654673318,0.03516929916733713,58
35M,False,0,14,0.04648017,1.7484630197058018,0.04143712,1.3812759739205414,0.03516929916733713,58
35M,False,0,15,0.031785466,1.0116355810721132,0.033938095,0.9605223540921931,0.03516929916733713,58
35M,False,0,16,0.05385748,1.8705091933003326,0.03484386,1.0098426547135646,0.03516929916733713,58
35M,False,0,17,0.039807055,1.331830664820123,0.038011823,1.1083266896643964,0.03516929916733713,58
35M,False,0,18,0.059193853,1.818292416350881,0.035975706,1.0359911886289428,0.03516929916733713,58
35M,False,0,19,0.044295896,1.5762658712651165,0.038318504,1.1691506079525564,0.03516929916733713,58
35M,False,1,0,0.065819845,2.4169919414146412,0.059961624,2.140035507695128,0.03516929916733713,58
35M,False,1,1,0.06429931,2.6576913545390664,0.061396275,2.4397133161886155,0.03516929916733713,58
35M,False,1,2,0.05384715,1.7889256187681166,0.046343654,1.5775657289486325,0.03516929916733713,58
35M,False,1,3,0.05691869,2.261639935000881,0.056594342,2.1475319908864074,0.03516929916733713,58
35M,False,1,4,0.0683687,2.3954515297860772,0.047704577,1.4267887786287254,0.03516929916733713,58
35M,False,1,5,0.038653933,1.4204892052881588,0.03887051,1.371912111550178,0.03516929916733713,58
35M,False,1,6,0.0452387,2.109582909065677,0.054182556,1.9405829759216682,0.03516929916733713,58
35M,False,1,7,0.04342909,1.6718758017760327,0.042017285,1.4189918654738838,0.03516929916733713,58
35M,False,1,8,0.041779056,1.2189066499359842,0.032894123,0.9789442050511011,0.03516929916733713,58
35M,False,1,9,0.047073398,1.8999068486156083,0.04671581,1.6489056750533302,0.03516929916733713,58
35M,False,1,10,0.023180379,0.642156443857624,0.030646006,0.8524109313177322,0.03516929916733713,58
35M,False,1,11,0.0352811,1.2855275394334273,0.04397321,1.53323568975902,0.03516929916733713,58
35M,False,1,12,0.06329316,2.6135638994332844,0.065333985,2.693421008364277,0.03516929916733713,58
35M,False,1,13,0.033124276,1.114348830796689,0.03699696,1.234541464160181,0.03516929916733713,58
35M,False,1,14,0.05565997,1.9971753791237064,0.052838273,1.9015175178128383,0.03516929916733713,58
35M,False,1,15,0.055094987,2.020340073389506,0.049736816,1.615525487880354,0.03516929916733713,58
35M,False,1,16,0.04922468,1.94854605623528,0.061050855,2.016387811096225,0.03516929916733713,58
35M,False,1,17,0.046447832,2.05941541700332,0.057970155,2.1057506677372246,0.03516929916733713,58
35M,False,1,18,0.035039313,1.156772050593133,0.033492964,0.9859782109733782,0.03516929916733713,58
35M,False,1,19,0.041764364,1.555139675923781,0.03503065,1.1296248748914415,0.03516929916733713,58
35M,False,2,0,0.020550724,0.6915912672144044,0.026865382,0.7744034597094412,0.03516929916733713,58
35M,False,2,1,0.086491875,3.18686390064333,0.072806485,2.572432775174269,0.03516929916733713,58
35M,False,2,2,0.041120492,1.1600167960837422,0.041836012,1.18171127377752,0.03516929916733713,58
35M,False,2,3,0.068182394,2.8646530101769305,0.06347695,2.35652626519855,0.03516929916733713,58
35M,False,2,4,0.055819154,2.192449497425012,0.05001044,1.8554748910592382,0.03516929916733713,58
35M,False,2,5,0.07775536,2.656951942818892,0.06576572,2.2091462048940937,0.03516929916733713,58
35M,False,2,6,0.052002177,1.8731547122536816,0.05046365,1.7723181609971912,0.03516929916733713,58
35M,False,2,7,0.06822453,2.7334196454259536,0.067383386,2.733096538216345,0.03516929916733713,58
35M,False,2,8,0.09732984,3.5815515454323386,0.061876163,2.111421673922569,0.03516929916733713,58
35M,False,2,9,0.058643866,2.339560407537091,0.056729857,2.05523999079976,0.03516929916733713,58
35M,False,2,10,0.058535844,2.306323081391503,0.058846682,2.2595867385999138,0.03516929916733713,58
35M,False,2,11,0.054534025,2.0597355200683833,0.056229554,1.8733842604194488,0.03516929916733713,58
35M,False,2,12,0.05097768,1.9278301115516228,0.052014437,1.7598699873269519,0.03516929916733713,58
35M,False,2,13,0.0852631,2.945271292014853,0.059515633,1.9320829487688087,0.03516929916733713,58
35M,False,2,14,0.036038138,1.3961011105237515,0.03944258,1.407581502590295,0.03516929916733713,58
35M,False,2,15,0.041495997,1.1163833212735432,0.041128963,1.1668299615240494,0.03516929916733713,58
35M,False,2,16,0.06308449,2.5627842419737084,0.05786722,2.270075056441767,0.03516929916733713,58
35M,False,2,17,0.051251538,1.312800146902743,0.043539777,1.2749615584079321,0.03516929916733713,58
35M,False,2,18,0.036713257,0.9093535811053832,0.03706643,1.0478456121020048,0.03516929916733713,58
35M,False,2,19,0.06161098,2.1509278662096842,0.05667885,1.8770127358556974,0.03516929916733713,58
35M,False,3,0,0.05932548,2.0052398569663934,0.05407914,1.6851535582239716,0.03516929916733713,58
35M,False,3,1,0.069636576,2.441261729130542,0.04843518,1.6512972953369105,0.03516929916733713,58
35M,False,3,2,0.04785906,2.0075918959192522,0.048067894,1.880978160790541,0.03516929916733713,58
35M,False,3,3,0.059167065,2.272323485201873,0.059047926,2.2238714565592357,0.03516929916733713,58
35M,False,3,4,0.0631869,2.385553253872837,0.060330003,2.30433679372466,0.03516929916733713,58
35M,False,3,5,0.050018057,1.4856441590138583,0.039862078,1.1386459020713173,0.03516929916733713,58
35M,False,3,6,0.08982634,3.323909408237466,0.07340253,2.6054392901140306,0.03516929916733713,58
35M,False,3,7,0.050853387,1.4093976398638917,0.0478333,1.3502624885942647,0.03516929916733713,58
35M,False,3,8,0.059334442,1.9436854006772135,0.052466646,1.7468102553598521,0.03516929916733713,58
35M,False,3,9,0.03702964,1.1656194415667145,0.03194011,1.0201372084011788,0.03516929916733713,58
35M,False,3,10,0.043427818,1.5584953177559653,0.04221483,1.4203536589916412,0.03516929916733713,58
35M,False,3,11,0.07670414,2.538986327448934,0.052507665,1.671430400963562,0.03516929916733713,58
35M,False,3,12,0.061596148,2.436991283703923,0.059198648,2.1898825712141647,0.03516929916733713,58
35M,False,3,13,0.02157042,0.7253970368279725,0.03265476,1.0659620904365688,0.03516929916733713,58
35M,False,3,14,0.053756088,2.0255587013925234,0.041047547,1.2544250740740115,0.03516929916733713,58
35M,False,3,15,0.03915019,1.0608201278542606,0.040892098,1.1482511782321838,0.03516929916733713,58
35M,False,3,16,0.041229054,1.3482981596249102,0.03704181,1.1875824450392072,0.03516929916733713,58
35M,False,3,17,0.04647627,1.4366925958293664,0.039975587,1.170165689367317,0.03516929916733713,58
35M,False,3,18,0.038359016,1.0676816047925424,0.036660947,1.0590875951239458,0.03516929916733713,58
35M,False,3,19,0.07905613,2.5107476111926017,0.06362554,2.0575399246416133,0.03516929916733713,58
35M,False,4,0,0.03848001,1.056772305872243,0.033213153,0.9596683158867247,0.03516929916733713,58
35M,False,4,1,0.0725093,2.8017748923209744,0.06560561,2.394833215444282,0.03516929916733713,58
35M,False,4,2,0.043070503,1.5258973292616549,0.035622787,1.1446774070331076,0.03516929916733713,58
35M,False,4,3,0.10182836,3.726730479793776,0.06653153,2.268609111957656,0.03516929916733713,58
35M,False,4,4,0.07401315,2.228114781607325,0.06901621,2.066951343125181,0.03516929916733713,58
35M,False,4,5,0.051069982,1.7435681439072066,0.034997217,1.1076106665610814,0.03516929916733713,58
35M,False,4,6,0.107564986,3.8573515774123193,0.07262793,2.4233390077880674,0.03516929916733713,58
35M,False,4,7,0.05083095,1.6387284419377683,0.035800006,1.1276527819541586,0.03516929916733713,58
35M,False,4,8,0.06551742,2.360920181541054,0.047395814,1.7435743068891159,0.03516929916733713,58
35M,False,4,9,0.0584822,1.6830914194754103,0.04383217,1.2823974832474652,0.03516929916733713,58
35M,False,4,10,0.042296614,1.3411896143507998,0.033406988,0.9869668973540248,0.03516929916733713,58
35M,False,4,11,0.043610923,1.3078614621042022,0.036884792,1.1494159892369264,0.03516929916733713,58
35M,False,4,12,0.04450082,1.4019350620285143,0.03914872,1.2439103432621408,0.03516929916733713,58
35M,False,4,13,0.077611,2.3825446356404303,0.047158282,1.4588478357304313,0.03516929916733713,58
35M,False,4,14,0.0842362,3.0835080814471305,0.051237155,1.7282333259420655,0.03516929916733713,58
35M,False,4,15,0.06515425,1.8814998546470374,0.055416554,1.564545112533203,0.03516929916733713,58
35M,False,4,16,0.07624115,3.0056423719050502,0.06397838,2.230965718810013,0.03516929916733713,58
35M,False,4,17,0.06370846,2.62825607367689,0.06092492,2.3310167084730553,0.03516929916733713,58
35M,False,4,18,0.045841213,1.4261756729912758,0.035749387,1.1079049565074452,0.03516929916733713,58
35M,False,4,19,0.028831938,1.0304486999766904,0.032753173,0.9953869622715975,0.03516929916733713,58
35M,False,5,0,0.0828671,2.778187289023355,0.05413633,1.781840912400366,0.03516929916733713,58
35M,False,5,1,0.057381187,2.078100487645625,0.047179326,1.6099878025201464,0.03516929916733713,58
35M,False,5,2,0.056396734,1.8561851703153507,0.037973803,1.1686396421901315,0.03516929916733713,58
35M,False,5,3,0.06682364,2.1642545367392563,0.049683016,1.4808639109831154,0.03516929916733713,58
35M,False,5,4,0.07290525,2.3524205321590843,0.05348549,1.6565993791269589,0.03516929916733713,58
35M,False,5,5,0.04619468,1.7138631527936075,0.040860504,1.4065652702471207,0.03516929916733713,58
35M,False,5,6,0.077957645,3.058819890350337,0.07239912,2.6905979311861836,0.03516929916733713,58
35M,False,5,7,0.069529906,2.2859886593514442,0.051018953,1.6014260571616974,0.03516929916733713,58
35M,False,5,8,0.08057426,2.962442384345498,0.06633356,2.3454963811495166,0.03516929916733713,58
35M,False,5,9,0.08833847,3.0599928876548224,0.067789175,2.1688186406858376,0.03516929916733713,58
35M,False,5,10,0.048075233,1.2481744172940614,0.034043826,0.9983678092891125,0.03516929916733713,58
35M,False,5,11,0.07582262,2.3285774950888887,0.058816288,1.7094042219537888,0.03516929916733713,58
35M,False,5,12,0.053470217,1.9239965672360457,0.043213576,1.422515507174238,0.03516929916733713,58
35M,False,5,13,0.0693219,2.147618334994438,0.046107575,1.4030162602002176,0.03516929916733713,58
35M,False,5,14,0.044713072,1.375780882248296,0.033753518,1.0490305485553277,0.03516929916733713,58
35M,False,5,15,0.07036903,2.169245177138268,0.047370743,1.440291972941356,0.03516929916733713,58
35M,False,5,16,0.06863176,2.2612897317748244,0.040530525,1.2623250742504,0.03516929916733713,58
35M,False,5,17,0.07238921,2.3443173367338455,0.042959284,1.338053882961997,0.03516929916733713,58
35M,False,5,18,0.07271634,2.438437742897445,0.058490917,1.7331000701906878,0.03516929916733713,58
35M,False,5,19,0.09878296,3.3816687076339713,0.062497593,2.0602231321561875,0.03516929916733713,58
35M,False,6,0,0.036322605,1.077511143482302,0.036841527,1.0513282075893255,0.03516929916733713,58
35M,False,6,1,0.055514205,1.5137983796004386,0.04078396,1.2327178014832485,0.03516929916733713,58
35M,False,6,2,0.044964734,1.606437737953002,0.033223562,1.0757020578713545,0.03516929916733713,58
35M,False,6,3,0.04147487,1.1775328090341333,0.03968248,1.111260713668661,0.03516929916733713,58
35M,False,6,4,0.08449375,2.770690443044037,0.049553182,1.5383246070504937,0.03516929916733713,58
35M,False,6,5,0.060781304,1.8990080717602997,0.051695768,1.5616066930327448,0.03516929916733713,58
35M,False,6,6,0.10836507,4.100612510413743,0.0743488,2.593038887428164,0.03516929916733713,58
35M,False,6,7,0.059843834,2.0351186998050426,0.054630406,1.7688138051623237,0.03516929916733713,58
35M,False,6,8,0.048891023,1.570115513327586,0.04055377,1.3109882048378247,0.03516929916733713,58
35M,False,6,9,0.06542553,2.1417391203220277,0.05668429,1.8366014578645211,0.03516929916733713,58
35M,False,6,10,0.09765859,3.3462981193510215,0.060661484,1.9776709782465565,0.03516929916733713,58
35M,False,6,11,0.045643084,1.286365881513711,0.040036794,1.1577517380962923,0.03516929916733713,58
35M,False,6,12,0.07200593,2.4282952163116303,0.054927748,1.8564243505757034,0.03516929916733713,58
35M,False,6,13,0.08192016,2.839556714525373,0.07353981,2.254089413578203,0.03516929916733713,58
35M,False,6,14,0.08451791,2.8554126033709326,0.065292366,2.013182986084713,0.03516929916733713,58
35M,False,6,15,0.071244724,2.8312885073913794,0.063223474,2.3594482455319907,0.03516929916733713,58
35M,False,6,16,0.05837752,1.7893293145457694,0.04164648,1.2830906945911453,0.03516929916733713,58
35M,False,6,17,0.07436861,2.799352673601179,0.059213493,2.0233171078807466,0.03516929916733713,58
35M,False,6,18,0.08803679,3.1668701111092172,0.06850404,2.2831624959001666,0.03516929916733713,58
35M,False,6,19,0.07050104,2.183570909933336,0.048709143,1.4795216197925025,0.03516929916733713,58
35M,False,7,0,0.07048589,2.482562235613475,0.06408408,2.195752853922298,0.03516929916733713,58
35M,False,7,1,0.059777297,1.8457094852873974,0.04718696,1.4827101996840852,0.03516929916733713,58
35M,False,7,2,0.07308017,2.420850630076587,0.054176044,1.6682456583182128,0.03516929916733713,58
35M,False,7,3,0.10005273,3.4426576699375477,0.07564242,2.551263491221328,0.03516929916733713,58
35M,False,7,4,0.056338843,1.787709421908476,0.040785152,1.2276500005065851,0.03516929916733713,58
35M,False,7,5,0.054138266,1.947065065906142,0.05090486,1.6722185146099235,0.03516929916733713,58
35M,False,7,6,0.048696145,1.8202005956113996,0.04934858,1.7545879037458199,0.03516929916733713,58
35M,False,7,7,0.06842973,2.183725668779513,0.037561785,1.158555020064633,0.03516929916733713,58
35M,False,7,8,0.06051475,2.393146681631915,0.056325752,1.9884795231590315,0.03516929916733713,58
35M,False,7,9,0.06789123,2.806158442040232,0.06814032,2.6288987841303415,0.03516929916733713,58
35M,False,7,10,0.072586365,2.5143354529672832,0.053190142,1.7042051139448828,0.03516929916733713,58
35M,False,7,11,0.05109413,1.676468997958645,0.03555901,1.1334926339800624,0.03516929916733713,58
35M,False,7,12,0.055072185,2.2103354012409486,0.058204144,2.210418630361408,0.03516929916733713,58
35M,False,7,13,0.09071937,3.117723887817013,0.074488066,2.5364081168948145,0.03516929916733713,58
35M,False,7,14,0.065906994,2.4717322224961733,0.04475763,1.4752327267399774,0.03516929916733713,58
35M,False,7,15,0.104578346,3.388045010637203,0.07385211,2.190311776046705,0.03516929916733713,58
35M,False,7,16,0.06254064,2.4341209016078027,0.06628003,2.415596138074824,0.03516929916733713,58
35M,False,7,17,0.05921112,2.1256100294836786,0.058885563,1.979982381744229,0.03516929916733713,58
35M,False,7,18,0.07262718,2.686879685184294,0.06814604,2.263850670365337,0.03516929916733713,58
35M,False,7,19,0.08359051,2.896594959831118,0.06634902,2.1815341359291045,0.03516929916733713,58
35M,False,8,0,0.070234805,2.0869634973870026,0.0473316,1.4010482713071366,0.03516929916733713,58
35M,False,8,1,0.04846719,1.7335362947215973,0.03795518,1.2595583722963875,0.03516929916733713,58
35M,False,8,2,0.0958715,3.3976206215486506,0.07360806,2.537901212778089,0.03516929916733713,58
35M,False,8,3,0.08195532,2.567837689734427,0.061816804,1.9973366054500046,0.03516929916733713,58
35M,False,8,4,0.074025124,2.4006668899695485,0.041470163,1.252068131631381,0.03516929916733713,58
35M,False,8,5,0.043234915,1.9012731403480478,0.0575932,2.0919251535227845,0.03516929916733713,58
35M,False,8,6,0.055427868,2.017862999228647,0.055657573,1.9793480886945427,0.03516929916733713,58
35M,False,8,7,0.09257788,3.0827904895109204,0.066776685,2.36432313448147,0.03516929916733713,58
35M,False,8,8,0.052252267,2.0028328113396765,0.065689184,2.295388127280266,0.03516929916733713,58
35M,False,8,9,0.067428455,2.639922520273359,0.067907564,2.5543970883549685,0.03516929916733713,58
35M,False,8,10,0.07935177,2.943399701475785,0.0780666,2.8088694230435616,0.03516929916733713,58
35M,False,8,11,0.06918457,2.2044404391468335,0.04879206,1.504421107785763,0.03516929916733713,58
35M,False,8,12,0.049718704,1.5833727330729472,0.039209925,1.178442351182262,0.03516929916733713,58
35M,False,8,13,0.08812272,2.6232398756656634,0.052173883,1.5594408510306648,0.03516929916733713,58
35M,False,8,14,0.06827631,2.057702857769055,0.047649544,1.4825480716861084,0.03516929916733713,58
35M,False,8,15,0.06271401,2.173415288273884,0.066116065,2.6449288676511857,0.03516929916733713,58
35M,False,8,16,0.05265127,1.9714223991291049,0.057934042,2.129731660538293,0.03516929916733713,58
35M,False,8,17,0.077716246,3.1464356196094068,0.07631586,2.793994229870252,0.03516929916733713,58
35M,False,8,18,0.15078567,4.918671171410369,0.10635385,3.4801123147755093,0.03516929916733713,58
35M,False,8,19,0.060683288,1.9642803422582664,0.04474907,1.4359441291553567,0.03516929916733713,58
35M,False,9,0,0.05731579,2.033241278464154,0.06572705,2.1527598323641355,0.03516929916733713,58
35M,False,9,1,0.05466717,2.124299473542786,0.048292283,1.6902738352081703,0.03516929916733713,58
35M,False,9,2,0.07675393,2.857994050181859,0.09221318,3.499746963373892,0.03516929916733713,58
35M,False,9,3,0.093963146,3.2707960844258177,0.06811858,2.303573615995285,0.03516929916733713,58
35M,False,9,4,0.08727717,3.173589526463916,0.06502647,2.3244041416538064,0.03516929916733713,58
35M,False,9,5,0.07282218,2.532712932904167,0.06516207,2.224088777668864,0.03516929916733713,58
35M,False,9,6,0.100405626,3.236350417712978,0.07340124,2.2078181485038453,0.03516929916733713,58
35M,False,9,7,0.13579711,4.936277999058554,0.07599495,2.585120587588371,0.03516929916733713,58
35M,False,9,8,0.08667787,2.7417199355310764,0.059683517,1.944540611816936,0.03516929916733713,58
35M,False,9,9,0.06976746,2.3910183367359266,0.041806012,1.2474433945640175,0.03516929916733713,58
35M,False,9,10,0.06635587,2.2904064024810404,0.049834125,1.6778946451635373,0.03516929916733713,58
35M,False,9,11,0.089168616,3.2009827022658053,0.08983086,3.3805944500572123,0.03516929916733713,58
35M,False,9,12,0.07379027,2.887332535856804,0.059231628,2.075091251807962,0.03516929916733713,58
35M,False,9,13,0.086923644,3.029419492551279,0.04994049,1.6062213977026008,0.03516929916733713,58
35M,False,9,14,0.11988128,3.8575723347197095,0.06614141,2.1729869038855587,0.03516929916733713,58
35M,False,9,15,0.06236723,2.1765757259781884,0.039795864,1.2830087841770195,0.03516929916733713,58
35M,False,9,16,0.044696975,1.763687421933841,0.04863903,1.8022227823945878,0.03516929916733713,58
35M,False,9,17,0.07691024,2.3788088277854995,0.044697806,1.3687651149559408,0.03516929916733713,58
35M,False,9,18,0.07549216,2.6342821364566875,0.057836913,1.9083933103864494,0.03516929916733713,58
35M,False,9,19,0.107706,3.6542852122571987,0.08481779,2.7515775207421003,0.03516929916733713,58
35M,False,10,0,0.12999266,4.748312056000674,0.06188165,2.207035258643275,0.03516929916733713,58
35M,False,10,1,0.081202604,2.701211731704841,0.054215048,1.743783033257863,0.03516929916733713,58
35M,False,10,2,0.20380898,7.0786029146033105,0.07353778,2.4059090268834264,0.03516929916733713,58
35M,False,10,3,0.09368605,3.240068066588284,0.095386505,3.0585900625435354,0.03516929916733713,58
35M,False,10,4,0.055326022,2.0999177007166963,0.07572395,2.5786084286726094,0.03516929916733713,58
35M,False,10,5,0.068861455,2.524411767725233,0.07486561,2.5262618232932996,0.03516929916733713,58
35M,False,10,6,0.05817728,2.1379716274293212,0.08043308,2.588211149876575,0.03516929916733713,58
35M,False,10,7,0.070534624,2.7423089488542556,0.06149018,2.1838775198883464,0.03516929916733713,58
35M,False,10,8,0.149596,5.358467578117589,0.108721636,3.7816102418134525,0.03516929916733713,58
35M,False,10,9,0.13298771,4.475858119578571,0.10049723,3.2753704848038643,0.03516929916733713,58
35M,False,10,10,0.10444425,3.6024629217130166,0.07905573,2.712511051952143,0.03516929916733713,58
35M,False,10,11,0.07669753,2.8203071830011215,0.08399089,2.8659005841724894,0.03516929916733713,58
35M,False,10,12,0.10476218,3.624239045895524,0.072345555,2.4279313412161594,0.03516929916733713,58
35M,False,10,13,0.091040686,3.1413216295542097,0.06061823,1.9792143773277233,0.03516929916733713,58
35M,False,10,14,0.09209296,3.209449307956531,0.08443478,2.9258750788621826,0.03516929916733713,58
35M,False,10,15,0.23614618,8.447776351247438,0.11218861,3.6627189200171766,0.03516929916733713,58
35M,False,10,16,0.10006879,3.542361389383248,0.071233675,2.5258420898831275,0.03516929916733713,58
35M,False,10,17,0.044963386,1.5486234260829175,0.03478139,1.0507371389523719,0.03516929916733713,58
35M,False,10,18,0.07063867,2.854758116601356,0.066625625,2.6211179839941687,0.03516929916733713,58
35M,False,10,19,0.11492114,3.808837033684836,0.06713515,2.1436293761485885,0.03516929916733713,58
35M,False,11,0,0.09996687,3.621970106202004,0.06377602,2.1734038393967188,0.03516929916733713,58
35M,False,11,1,0.07990503,3.2104868601842087,0.08199238,3.1119991604859383,0.03516929916733713,58
35M,False,11,2,0.047353987,1.8903302910997362,0.048412204,1.873338587691023,0.03516929916733713,58
35M,False,11,3,0.08552397,3.189381054331912,0.13015999,4.207316967621841,0.03516929916733713,58
35M,False,11,4,0.12159484,4.480255646910955,0.063939355,2.1249506491374786,0.03516929916733713,58
35M,False,11,5,0.056074217,2.3526360548176815,0.08583869,2.916778583753982,0.03516929916733713,58
35M,False,11,6,0.087858945,3.440010352503941,0.040510584,1.3619770647708522,0.03516929916733713,58
35M,False,11,7,0.13922007,5.4913177156559945,0.055275332,1.743050612287905,0.03516929916733713,58
35M,False,11,8,0.23417182,8.379463474083323,0.16364633,5.826802627331251,0.03516929916733713,58
35M,False,11,9,0.16040623,5.651351129402181,0.071500115,2.231381366342892,0.03516929916733713,58
35M,False,11,10,0.0944606,3.3704403793364355,0.06732557,2.4069608732773737,0.03516929916733713,58
35M,False,11,11,0.039977156,1.3758207905413045,0.031005533,0.9182539469118949,0.03516929916733713,58
35M,False,11,12,0.08742999,3.183105559690506,0.05044401,1.6158862642006724,0.03516929916733713,58
35M,False,11,13,0.3893252,14.608041642247947,0.2268613,7.904521969721757,0.03516929916733713,58
35M,False,11,14,0.3065136,11.488353797556181,0.096151344,3.3715687340111677,0.03516929916733713,58
35M,False,11,15,0.10308165,3.8831294513680388,0.084187046,2.8832567309218775,0.03516929916733713,58
35M,False,11,16,0.07559932,2.7234925053697485,0.066191144,2.290713330465677,0.03516929916733713,58
35M,False,11,17,0.02691469,1.1364752145235217,0.043379404,1.597356627904789,0.03516929916733713,58
35M,False,11,18,0.057842135,2.2852748319871896,0.080202274,2.734332347289502,0.03516929916733713,58
35M,False,11,19,0.08782449,3.1426033447452726,0.08648102,2.9133802242629905,0.03516929916733713,58
35M,True,0,0,0.052037273,1.4270333082274131,0.035801716,1.017102392686813,0.03516929916733713,58
35M,True,0,1,0.03977032,1.1464527106931217,0.035065208,0.9995298881564346,0.03516929916733713,58
35M,True,0,2,0.03774436,1.147287768790301,0.03525782,1.0023031106942646,0.03516929916733713,58
35M,True,0,3,0.035582516,1.0458531569326996,0.03515697,1.0010527621067833,0.03516929916733713,58
35M,True,0,4,0.03301871,1.029174440876287,0.034845497,0.9912860769222458,0.03516929916733713,58
35M,True,0,5,0.03912921,1.0079037515452223,0.034973018,0.9951791206279657,0.03516929916733713,58
35M,True,0,6,0.03976678,1.11252103874355,0.0350039,0.9966375995776995,0.03516929916733713,58
35M,True,0,7,0.028556176,0.7815687283363048,0.035143305,0.9991774711763843,0.03516929916733713,58
35M,True,0,8,0.03646313,0.9897705551615462,0.035333738,1.004500028508633,0.03516929916733713,58
35M,True,0,9,0.04441947,1.2913667034499652,0.035282012,1.0046366459486538,0.03516929916733713,58
35M,True,0,10,0.03232635,0.9214129421467916,0.0350012,0.9962670434737548,0.03516929916733713,58
35M,True,0,11,0.03513881,1.0100065095311,0.035079286,1.0000259396247755,0.03516929916733713,58
35M,True,0,12,0.05120627,1.4494753757433534,0.035161342,0.9985496276561735,0.03516929916733713,58
35M,True,0,13,0.039395146,1.1246925879776362,0.03495713,0.9942176393793107,0.03516929916733713,58
35M,True,0,14,0.04409096,1.3084819765701738,0.03509744,0.9986267193776016,0.03516929916733713,58
35M,True,0,15,0.03889792,1.0945853393293619,0.035480093,1.0095912177283886,0.03516929916733713,58
35M,True,0,16,0.037094045,1.0841802355758536,0.035173345,0.9993518216879977,0.03516929916733713,58
35M,True,0,17,0.033164795,0.8549276337187868,0.035152223,0.997429739064501,0.03516929916733713,58
35M,True,0,18,0.034852408,1.0109915996736163,0.03515973,1.0016489681761727,0.03516929916733713,58
35M,True,0,19,0.0374366,1.0559609305507114,0.035379913,1.0066686780589935,0.03516929916733713,58
35M,True,1,0,0.042234752,1.4188503660238823,0.035606112,1.0244856566572038,0.03516929916733713,58
35M,True,1,1,0.03699512,0.839856626900791,0.034915887,0.9816957022037502,0.03516929916733713,58
35M,True,1,2,0.025194548,0.5618734206470354,0.03473502,0.988131400310786,0.03516929916733713,58
35M,True,1,3,0.041648187,1.416974538542547,0.035439797,1.0117928409337726,0.03516929916733713,58
35M,True,1,4,0.041802555,1.512380847450041,0.035385348,1.01487454997535,0.03516929916733713,58
35M,True,1,5,0.038326953,1.1320626972164616,0.03518241,1.000397856821589,0.03516929916733713,58
35M,True,1,6,0.034741405,0.8444520597761674,0.03520627,0.997152225462273,0.03516929916733713,58
35M,True,1,7,0.030956693,0.7863675277023251,0.035094563,0.9939983131498051,0.03516929916733713,58
35M,True,1,8,0.033359352,0.8853369998026906,0.035231538,1.0013785926264527,0.03516929916733713,58
35M,True,1,9,0.033563502,0.8797601125991961,0.035166826,0.9922262009935482,0.03516929916733713,58
35M,True,1,10,0.05129144,1.9106759218674754,0.035993487,1.0391659658545689,0.03516929916733713,58
35M,True,1,11,0.0313204,0.7864848834127842,0.035052113,0.9917626274472555,0.03516929916733713,58
35M,True,1,12,0.048014347,1.6183699019820919,0.035559915,1.0190126301603843,0.03516929916733713,58
35M,True,1,13,0.03375118,1.0331505027808345,0.03530494,1.0056276569659135,0.03516929916733713,58
35M,True,1,14,0.0436363,1.339692961263597,0.035782296,1.026718817021215,0.03516929916733713,58
35M,True,1,15,0.041352533,1.3751277693290918,0.035266355,1.0094774843302015,0.03516929916733713,58
35M,True,1,16,0.042979572,1.1224216140869396,0.03518823,0.9980070567584183,0.03516929916733713,58
35M,True,1,17,0.028890824,0.8972365199935625,0.03501267,0.9957915337596492,0.03516929916733713,58
35M,True,1,18,0.036473118,0.9245854416941551,0.035095003,0.9944925288014421,0.03516929916733713,58
35M,True,1,19,0.033798877,0.8386913018923919,0.03520572,0.995403357809683,0.03516929916733713,58
35M,True,2,0,0.033982016,0.7460335118233602,0.034765705,0.9774425958134312,0.03516929916733713,58
35M,True,2,1,0.03914923,1.0342979345062882,0.035211686,0.9993319623185376,0.03516929916733713,58
35M,True,2,2,0.049820073,1.7102277124161418,0.0354133,1.0112885868036514,0.03516929916733713,58
35M,True,2,3,0.030578803,0.789279381737251,0.034915578,0.9898982079811491,0.03516929916733713,58
35M,True,2,4,0.031729434,0.9498083853198567,0.035375837,1.009926088700899,0.03516929916733713,58
35M,True,2,5,0.03506839,1.242248488030866,0.03537932,1.012066575983642,0.03516929916733713,58
35M,True,2,6,0.022747718,0.6245247249228743,0.035096344,0.9948297527491937,0.03516929916733713,58
35M,True,2,7,0.05099094,1.440286818202287,0.035255276,1.0027089928358295,0.03516929916733713,58
35M,True,2,8,0.04340383,1.2829503055003093,0.035491396,1.0144967306459647,0.03516929916733713,58
35M,True,2,9,0.037572138,0.9387900984581894,0.03523651,0.9989513101843951,0.03516929916733713,58
35M,True,2,10,0.030846428,0.8835692336537504,0.03532063,1.0066669464427629,0.03516929916733713,58
35M,True,2,11,0.02806506,0.6927503112627186,0.035145655,0.9947229239915374,0.03516929916733713,58
35M,True,2,12,0.03625258,0.8800545988953075,0.035049394,0.9933663824178277,0.03516929916733713,58
35M,True,2,13,0.02515239,0.6892574151523492,0.03472119,0.9857309460715012,0.03516929916733713,58
35M,True,2,14,0.04844557,1.4622750306897012,0.035425223,1.0115216125910695,0.03516929916733713,58
35M,True,2,15,0.034646634,0.995168665592845,0.03484078,0.9853943299212118,0.03516929916733713,58
35M,True,2,16,0.031032601,0.9316664761570835,0.035474688,1.0114194755648263,0.03516929916733713,58
35M,True,2,17,0.043342512,1.48449964355026,0.035369333,1.0121995531632286,0.03516929916733713,58
35M,True,2,18,0.04648699,1.6023321233986656,0.035523716,1.0176010968327314,0.03516929916733713,58
35M,True,2,19,0.03770791,1.0786562425252217,0.035519324,1.0135846135852102,0.03516929916733713,58
35M,True,3,0,0.03956317,1.04377418841126,0.03521638,1.0041923310416918,0.03516929916733713,58
35M,True,3,1,0.03763335,1.0187554506035454,0.035283957,1.00053912876366,0.03516929916733713,58
35M,True,3,2,0.046744175,1.8451595057230317,0.03577599,1.0352170971035173,0.03516929916733713,58
35M,True,3,3,0.031601124,0.9103944859011577,0.03518783,1.0030845054812512,0.03516929916733713,58
35M,True,3,4,0.038074866,1.1209931311756258,0.03531389,1.008341100618683,0.03516929916733713,58
35M,True,3,5,0.025689797,0.628884685729534,0.03526541,0.9957223510586869,0.03516929916733713,58
35M,True,3,6,0.035978407,0.7668153749187232,0.03505525,0.9926232343851809,0.03516929916733713,58
35M,True,3,7,0.03514369,1.0797432459242773,0.035308197,1.008204473059215,0.03516929916733713,58
35M,True,3,8,0.034848657,1.0317535962801676,0.035124954,0.9990440133206594,0.03516929916733713,58
35M,True,3,9,0.02443302,0.65262471414537,0.03505678,0.9947118222284353,0.03516929916733713,58
35M,True,3,10,0.033072326,0.8206979965741048,0.035350114,0.9994360656561843,0.03516929916733713,58
35M,True,3,11,0.038662244,1.1563676942205257,0.035392866,1.0106226334287365,0.03516929916733713,58
35M,True,3,12,0.030791622,0.8491432483655873,0.035151828,0.9961797580297307,0.03516929916733713,58
35M,True,3,13,0.03464844,0.8865182789569354,0.035266582,1.0012708100967391,0.03516929916733713,58
35M,True,3,14,0.035354756,0.9951918918403403,0.035291184,1.0047344145131256,0.03516929916733713,58
35M,True,3,15,0.029651737,0.7664835032717021,0.03514887,0.9949258240161538,0.03516929916733713,58
35M,True,3,16,0.038562164,0.9657969505384022,0.035170484,0.9982099614742785,0.03516929916733713,58
35M,True,3,17,0.04056072,0.9920032780326706,0.03493674,0.9903953343711309,0.03516929916733713,58
35M,True,3,18,0.03163969,0.7467269414014691,0.034932926,0.9856090491078365,0.03516929916733713,58
35M,True,3,19,0.034494173,0.9711315521368687,0.03504363,0.9936518726581179,0.03516929916733713,58
35M,True,4,0,0.03005012,0.7911107174367531,0.034867104,0.9898625942237645,0.03516929916733713,58
35M,True,4,1,0.03752765,0.8842199938146716,0.034885563,0.9863747731788309,0.03516929916733713,58
35M,True,4,2,0.03342437,0.9172240513393665,0.035312302,1.0009606849223367,0.03516929916733713,58
35M,True,4,3,0.03513968,0.9496166388914896,0.035168342,1.0003003051489403,0.03516929916733713,58
35M,True,4,4,0.028988108,0.7501522464518549,0.034643605,0.9717092015210845,0.03516929916733713,58
35M,True,4,5,0.038313,1.1348606184167513,0.035534933,1.0173632732331377,0.03516929916733713,58
35M,True,4,6,0.03780797,0.9470935711860106,0.035158727,0.9958117275851216,0.03516929916733713,58
35M,True,4,7,0.025635697,0.779515611394059,0.035000373,0.9967427210121557,0.03516929916733713,58
35M,True,4,8,0.029866928,0.7214053456100182,0.03471275,0.9790982010200043,0.03516929916733713,58
35M,True,4,9,0.02460652,0.5957185485024753,0.034829266,0.9844742891479492,0.03516929916733713,58
35M,True,4,10,0.03086284,0.8383105394456034,0.03530471,1.0030670505787989,0.03516929916733713,58
35M,True,4,11,0.029151872,0.7832418095835906,0.03475809,0.9833435024695882,0.03516929916733713,58
35M,True,4,12,0.033556934,0.8417344158755307,0.035007305,0.9924914639837565,0.03516929916733713,58
35M,True,4,13,0.039644465,1.0739517097492906,0.035097692,0.9948693344350343,0.03516929916733713,58
35M,True,4,14,0.03547989,0.9533090957361006,0.034836203,0.9829023278171738,0.03516929916733713,58
35M,True,4,15,0.023805646,0.5905821954973006,0.035070084,0.9942497448960489,0.03516929916733713,58
35M,True,4,16,0.030232588,0.7517359504811276,0.035005376,0.9919294370777666,0.03516929916733713,58
35M,True,4,17,0.04000501,1.2104088969246392,0.03523408,1.004095126645321,0.03516929916733713,58
35M,True,4,18,0.039393585,1.2015034090172612,0.035501588,1.011704487305087,0.03516929916733713,58
35M,True,4,19,0.041613024,1.0897855003516306,0.03549012,1.0072531263718267,0.03516929916733713,58
35M,True,5,0,0.030055098,0.7961530119128878,0.034940317,0.9923979649128529,0.03516929916733713,58
35M,True,5,1,0.029318051,0.6757918625057933,0.03424526,0.9489964083095966,0.03516929916733713,58
35M,True,5,2,0.0415391,1.579046886234557,0.035428897,1.0154742087984974,0.03516929916733713,58
35M,True,5,3,0.048621856,1.7681202859244711,0.0356508,1.0248370506449158,0.03516929916733713,58
35M,True,5,4,0.02953703,0.735450343232256,0.03476198,0.9844506139878382,0.03516929916733713,58
35M,True,5,5,0.032487176,0.7943416329649546,0.034887943,0.9837302646667713,0.03516929916733713,58
35M,True,5,6,0.029937372,0.8003771140255825,0.034888003,0.9858598297930768,0.03516929916733713,58
35M,True,5,7,0.03284536,0.8753441304938686,0.03494541,0.9878584666357976,0.03516929916733713,58
35M,True,5,8,0.037325088,1.0427617902102517,0.03520689,0.9995663606818794,0.03516929916733713,58
35M,True,5,9,0.042555213,1.3056349350872392,0.035434447,1.010770225911187,0.03516929916733713,58
35M,True,5,10,0.027088897,0.626059920374831,0.034860935,0.9798854216552301,0.03516929916733713,58
35M,True,5,11,0.032975245,0.8923040627908176,0.035165224,0.9975315821696443,0.03516929916733713,58
35M,True,5,12,0.033785015,0.8841756274636908,0.035306875,1.0001640939733107,0.03516929916733713,58
35M,True,5,13,0.033557307,1.0538321878151031,0.03519995,1.0078146466833415,0.03516929916733713,58
35M,True,5,14,0.031828526,1.019992016262368,0.035447717,1.0168586702637405,0.03516929916733713,58
35M,True,5,15,0.03144652,0.8149071694915451,0.03487806,0.9895218764964943,0.03516929916733713,58
35M,True,5,16,0.027369963,0.7471922272087725,0.035555486,1.0107975543964811,0.03516929916733713,58
35M,True,5,17,0.049894493,1.438435477037055,0.035294205,1.0067335501735217,0.03516929916733713,58
35M,True,5,18,0.032972462,0.8341557381460055,0.03523563,0.9996342309358862,0.03516929916733713,58
35M,True,5,19,0.032549553,0.8148279531861401,0.034544494,0.9720594670326325,0.03516929916733713,58
35M,True,6,0,0.031117385,0.8482915284979491,0.035028018,0.9943342590411387,0.03516929916733713,58
35M,True,6,1,0.029557182,1.0000907665706966,0.035356663,1.0139331123415214,0.03516929916733713,58
35M,True,6,2,0.03033445,0.8277172609495292,0.035088554,0.9964361637107035,0.03516929916733713,58
35M,True,6,3,0.03210748,1.0218989284365068,0.034945816,0.9961000361939077,0.03516929916733713,58
35M,True,6,4,0.025557045,0.6181747770844046,0.034941707,0.989664629992069,0.03516929916733713,58
35M,True,6,5,0.028052576,0.6641662432720424,0.035071325,0.9885088292154866,0.03516929916733713,58
35M,True,6,6,0.03750254,1.0048375479526788,0.03484946,0.9929304602840712,0.03516929916733713,58
35M,True,6,7,0.030017696,0.9315226294071116,0.035276916,1.0093530190528743,0.03516929916733713,58
35M,True,6,8,0.03262231,0.775764338784083,0.03514569,0.9955429371113432,0.03516929916733713,58
35M,True,6,9,0.027811686,0.8379722649386687,0.035240963,1.0032289269908055,0.03516929916733713,58
35M,True,6,10,0.03535912,0.9986765595585326,0.03481293,0.9895593999345637,0.03516929916733713,58
35M,True,6,11,0.03262017,0.8225473909159191,0.03493428,0.9875393205752311,0.03516929916733713,58
35M,True,6,12,0.035158884,1.089646576620978,0.03515307,1.0055261611708917,0.03516929916733713,58
35M,True,6,13,0.03774216,1.2461133213546152,0.03528587,1.0106488342771347,0.03516929916733713,58
35M,True,6,14,0.028492257,0.7015843306506726,0.034906775,0.9916465452523983,0.03516929916733713,58
35M,True,6,15,0.03799947,1.2480829291662847,0.0352333,1.0029537347743944,0.03516929916733713,58
35M,True,6,16,0.024265636,0.6628903205489304,0.034832403,0.9894962408439515,0.03516929916733713,58
35M,True,6,17,0.031734455,0.9242996263869396,0.03519773,1.0018572345069088,0.03516929916733713,58
35M,True,6,18,0.033230565,0.9357466414198616,0.03515712,1.000953468772868,0.03516929916733713,58
35M,True,6,19,0.038069047,1.2398597732225238,0.03520103,1.0056891181476313,0.03516929916733713,58
35M,True,7,0,0.04601661,1.4595201173228665,0.035177164,1.0042200807111634,0.03516929916733713,58
35M,True,7,1,0.031090723,0.7873442462982086,0.03504817,0.9927089527256285,0.03516929916733713,58
35M,True,7,2,0.0410773,1.3438669709526898,0.0356493,1.0291101135131187,0.03516929916733713,58
35M,True,7,3,0.03401117,0.8520495965043675,0.034826342,0.9796710593614432,0.03516929916733713,58
35M,True,7,4,0.037563365,1.0499932944139567,0.035185385,1.003772808872332,0.03516929916733713,58
35M,True,7,5,0.03440891,0.9171344780229231,0.035034306,0.9927886859824059,0.03516929916733713,58
35M,True,7,6,0.04231542,1.4353978717339062,0.035727575,1.0195829688588727,0.03516929916733713,58
35M,True,7,7,0.037729114,1.0673972763885278,0.035107687,0.998591652928763,0.03516929916733713,58
35M,True,7,8,0.032403782,1.059046923479191,0.034781523,0.9915724205592072,0.03516929916733713,58
35M,True,7,9,0.054789655,1.750616858725043,0.035465237,1.014109697080614,0.03516929916733713,58
35M,True,7,10,0.04047496,1.1621183846689693,0.03513944,1.0008374438404763,0.03516929916733713,58
35M,True,7,11,0.027930094,0.724346150874243,0.03516516,1.0002973173897685,0.03516929916733713,58
35M,True,7,12,0.03392282,0.9451605231610929,0.035146967,0.9989456492652722,0.03516929916733713,58
35M,True,7,13,0.041921116,1.2311950013837443,0.035334356,1.0073186327283463,0.03516929916733713,58
35M,True,7,14,0.039934333,0.9577675248200426,0.035059478,0.992059525465198,0.03516929916733713,58
35M,True,7,15,0.03613448,0.8440304213126952,0.03487793,0.9775785155609292,0.03516929916733713,58
35M,True,7,16,0.03128703,0.7465990567146729,0.034793034,0.982205782780748,0.03516929916733713,58
35M,True,7,17,0.033008233,0.7540088231380053,0.035134725,0.997393670220221,0.03516929916733713,58
35M,True,7,18,0.027043123,0.6449214295323047,0.03499414,0.9899388361101501,0.03516929916733713,58
35M,True,7,19,0.03598313,0.9920626963559233,0.0353269,1.0020628670330924,0.03516929916733713,58
35M,True,8,0,0.032938257,0.8262586855398092,0.035134476,0.9923112129843159,0.03516929916733713,58
35M,True,8,1,0.023861388,0.6552551955808802,0.03500085,0.9934172207341935,0.03516929916733713,58
35M,True,8,2,0.041730653,1.010717279329058,0.035081103,0.992411497863733,0.03516929916733713,58
35M,True,8,3,0.03386973,0.9754447933119337,0.035133068,0.9994853041097294,0.03516929916733713,58
35M,True,8,4,0.031208424,0.749153788165695,0.03491207,0.9827718888804662,0.03516929916733713,58
35M,True,8,5,0.027368488,0.7407634153600028,0.03487737,0.9883836440089881,0.03516929916733713,58
35M,True,8,6,0.027971152,0.7726106482123052,0.034959644,0.9887586898991972,0.03516929916733713,58
35M,True,8,7,0.033928283,0.8880038236916297,0.035170488,0.9973911828450379,0.03516929916733713,58
35M,True,8,8,0.041735724,1.3233162960465592,0.035231195,1.0127637650631018,0.03516929916733713,58
35M,True,8,9,0.029630454,0.9319450398045175,0.03534379,1.0096429991679838,0.03516929916733713,58
35M,True,8,10,0.025120175,0.6251375349571056,0.035006758,0.9965258500367058,0.03516929916733713,58
35M,True,8,11,0.037667032,1.0400241844669846,0.035332963,1.007223062310802,0.03516929916733713,58
35M,True,8,12,0.03533825,1.2269180132326596,0.035198495,1.0046998624934624,0.03516929916733713,58
35M,True,8,13,0.03255166,0.8405974765543124,0.035111092,0.995482915626994,0.03516929916733713,58
35M,True,8,14,0.030082809,0.6916676133341432,0.034677554,0.9740890869333595,0.03516929916733713,58
35M,True,8,15,0.029403534,0.6835997453643462,0.034969974,0.9864324716949417,0.03516929916733713,58
35M,True,8,16,0.029866364,0.7445440169665192,0.0349632,0.9880618721821158,0.03516929916733713,58
35M,True,8,17,0.033084653,1.0625058024224723,0.035275895,1.0064793674884434,0.03516929916733713,58
35M,True,8,18,0.033391513,1.0520948257116094,0.03517076,1.0025600595926545,0.03516929916733713,58
35M,True,8,19,0.03693671,0.9716134091288142,0.035308868,0.9998432505674406,0.03516929916733713,58
35M,True,9,0,0.036016867,1.2877696904249116,0.03600652,1.0501546230606493,0.03516929916733713,58
35M,True,9,1,0.03005985,0.7571076243876929,0.0352734,1.001531422880271,0.03516929916733713,58
35M,True,9,2,0.0325972,0.8165232803827741,0.035258364,0.999513600563301,0.03516929916733713,58
35M,True,9,3,0.03652384,0.9715545755796635,0.03497792,0.9907524561963188,0.03516929916733713,58
35M,True,9,4,0.026907349,0.6695796687889956,0.035332642,0.9969822152275885,0.03516929916733713,58
35M,True,9,5,0.031341944,0.8805015066237086,0.03527304,1.0022364650213436,0.03516929916733713,58
35M,True,9,6,0.03447591,0.8745587742304664,0.035481293,1.009592756516444,0.03516929916733713,58
35M,True,9,7,0.03861705,1.045644326790985,0.035158183,0.9974256598505926,0.03516929916733713,58
35M,True,9,8,0.04253534,1.2925350143095538,0.035286028,1.0061702913445913,0.03516929916733713,58
35M,True,9,9,0.0341889,1.0050642202645,0.035332374,1.007693248764753,0.03516929916733713,58
35M,True,9,10,0.024477761,0.6047295906416399,0.03496124,0.9929598278413543,0.03516929916733713,58
35M,True,9,11,0.029613636,0.7978788805933629,0.034793764,0.985990596185552,0.03516929916733713,58
35M,True,9,12,0.026595516,0.6677849729969398,0.03491383,0.9838082990049309,0.03516929916733713,58
35M,True,9,13,0.033580214,0.869050827659309,0.03525974,1.0000998441257791,0.03516929916733713,58
35M,True,9,14,0.036690366,1.211760501469321,0.035327286,1.0070913492881723,0.03516929916733713,58
35M,True,9,15,0.033216763,0.8502708780091204,0.035229933,1.0006764609111531,0.03516929916733713,58
35M,True,9,16,0.031740353,1.0009470086500902,0.03522004,1.004883928950493,0.03516929916733713,58
35M,True,9,17,0.04099945,1.331020562264529,0.03504142,1.0006703917419593,0.03516929916733713,58
35M,True,9,18,0.025945827,0.6858895426398689,0.034769047,0.982824097519907,0.03516929916733713,58
35M,True,9,19,0.0345823,1.0520844946385133,0.03539459,1.0136556440600004,0.03516929916733713,58
35M,True,10,0,0.03464005,0.896836352449938,0.035089727,0.9964470504220541,0.03516929916733713,58
35M,True,10,1,0.033858106,0.7403991305771439,0.035107985,0.9880884238356396,0.03516929916733713,58
35M,True,10,2,0.03665391,1.1238236716107528,0.0351451,1.001733507874198,0.03516929916733713,58
35M,True,10,3,0.025722431,0.6887208422554031,0.035025477,0.9930677397388581,0.03516929916733713,58
35M,True,10,4,0.03273421,0.7689877213012338,0.035026964,0.9924020885723301,0.03516929916733713,58
35M,True,10,5,0.030616496,0.8027571283295969,0.034809336,0.9849628003742703,0.03516929916733713,58
35M,True,10,6,0.031254772,0.8252428683770615,0.034970034,0.9916015259252957,0.03516929916733713,58
35M,True,10,7,0.031740457,0.8506802065934583,0.035174623,0.9992642756341668,0.03516929916733713,58
35M,True,10,8,0.0331188,1.1205203628914893,0.035270173,1.0052429657318387,0.03516929916733713,58
35M,True,10,9,0.03190538,1.1413681473538926,0.03520788,1.0050594378953048,0.03516929916733713,58
35M,True,10,10,0.031038258,0.8385259218318183,0.03497989,0.9933459444213363,0.03516929916733713,58
35M,True,10,11,0.02866612,0.6017121734315537,0.034827404,0.9807548155028821,0.03516929916733713,58
35M,True,10,12,0.040384497,1.3705795801523184,0.03538197,1.0133606259144294,0.03516929916733713,58
35M,True,10,13,0.023420757,0.6099965873644849,0.034849405,0.9887382352810274,0.03516929916733713,58
35M,True,10,14,0.02465689,0.5618525909724057,0.035162877,0.9980109647229121,0.03516929916733713,58
35M,True,10,15,0.033269875,1.0208685671230968,0.03506774,1.0040020459391048,0.03516929916733713,58
35M,True,10,16,0.048835285,1.4564825359376357,0.0354162,1.010125562078298,0.03516929916733713,58
35M,True,10,17,0.029951734,0.8879755167284101,0.03504104,0.9994062450383501,0.03516929916733713,58
35M,True,10,18,0.026727987,0.6979967403068201,0.035025436,0.9937442681731194,0.03516929916733713,58
35M,True,10,19,0.03282044,0.8922554405039071,0.03510633,0.9976932806937854,0.03516929916733713,58
35M,True,11,0,0.03720955,1.0396821246648849,0.035208024,1.0011292214867167,0.03516929916733713,58
35M,True,11,1,0.041470055,1.3495915674774885,0.03527734,1.0062755981651283,0.03516929916733713,58
35M,True,11,2,0.036504578,1.0804329279439546,0.035159394,1.0004053290203903,0.03516929916733713,58
35M,True,11,3,0.03919485,1.3915791836374016,0.03542292,1.016621620520681,0.03516929916733713,58
35M,True,11,4,0.03137305,0.814322303765754,0.034871772,0.989174917682121,0.03516929916733713,58
35M,True,11,5,0.036481436,0.9101420609564081,0.035371862,1.0027523732859032,0.03516929916733713,58
35M,True,11,6,0.03179617,0.7828880528970397,0.03457597,0.9704580270167141,0.03516929916733713,58
35M,True,11,7,0.029280106,0.7214836613998005,0.035029195,0.9939554092655957,0.03516929916733713,58
35M,True,11,8,0.035531893,0.9996966413954288,0.03526901,1.004288350288632,0.03516929916733713,58
35M,True,11,9,0.03233413,0.9518232774988028,0.035101913,1.0018362892828807,0.03516929916733713,58
35M,True,11,10,0.033638112,0.8325653557415704,0.03525959,1.0008445911875328,0.03516929916733713,58
35M,True,11,11,0.041882634,1.2841583295984444,0.03510221,1.0038014079356932,0.03516929916733713,58
35M,True,11,12,0.030191736,0.7991436898215626,0.03523984,1.001267172535606,0.03516929916733713,58
35M,True,11,13,0.042292602,1.327348056001893,0.035429712,1.0140005579549656,0.03516929916733713,58
35M,True,11,14,0.041292205,1.3853928815273042,0.03524123,1.005504290210122,0.03516929916733713,58
35M,True,11,15,0.032261983,0.8525694673561902,0.03515696,0.9996492169452482,0.03516929916733713,58
35M,True,11,16,0.03395694,1.1807614793477739,0.0351803,1.0052083675316539,0.03516929916733713,58
35M,True,11,17,0.045046538,1.5087712902619042,0.035558026,1.0228725060570893,0.03516929916733713,58
35M,True,11,18,0.040162552,1.3165645570559643,0.03528336,1.009122781855638,0.03516929916733713,58
35M,True,11,19,0.046577092,1.5768310101661898,0.03525061,1.008229026939474,0.03516929916733713,58
8M,False,0,0,0.03327938,1.2781606608397096,0.03987145,1.3419603440408827,0.03516929916733713,58
8M,False,0,1,0.036350917,1.357508071924974,0.038603418,1.3430216479983381,0.03516929916733713,58
8M,False,0,2,0.046846732,1.540096909071101,0.041673217,1.4342001492669354,0.03516929916733713,58
8M,False,0,3,0.0361841,1.2373225575103104,0.03266567,0.9974072423235031,0.03516929916733713,58
8M,False,0,4,0.04367379,1.5839635274478123,0.04304219,1.4078610494864177,0.03516929916733713,58
8M,False,0,5,0.06532759,2.4928118728191255,0.045868717,1.498129686628235,0.03516929916733713,58
8M,False,0,6,0.036992393,1.1916074348706103,0.037027888,1.1080145692044001,0.03516929916733713,58
8M,False,0,7,0.050517924,1.6812742287136666,0.032499325,0.9476280166142942,0.03516929916733713,58
8M,False,0,8,0.061726026,2.5214148138127745,0.057364937,2.2237842002772115,0.03516929916733713,58
8M,False,0,9,0.052812494,1.849423552012642,0.044475697,1.4721386441129143,0.03516929916733713,58
8M,False,0,10,0.04656039,1.5070156890985706,0.03526722,1.08459214165208,0.03516929916733713,58
8M,False,0,11,0.03732002,1.3034558052371974,0.036647394,1.1526932277879347,0.03516929916733713,58
8M,False,0,12,0.06185353,2.116384338681716,0.038172286,1.1275579607157087,0.03516929916733713,58
8M,False,0,13,0.04892509,2.039517521598494,0.05250926,1.9227290455964379,0.03516929916733713,58
8M,False,0,14,0.050868314,1.847959835650682,0.035271537,1.0892997571362388,0.03516929916733713,58
8M,False,0,15,0.049825106,1.8827482812760523,0.041332755,1.3896396195961696,0.03516929916733713,58
8M,False,0,16,0.045027625,1.2508228154422476,0.035286304,0.9982103494915247,0.03516929916733713,58
8M,False,0,17,0.048078306,1.6372571590971312,0.03469249,1.049208966485425,0.03516929916733713,58
8M,False,0,18,0.060623597,2.1373888534491856,0.04355247,1.4169894503822262,0.03516929916733713,58
8M,False,0,19,0.064130835,2.381769397348776,0.047234047,1.56564140173215,0.03516929916733713,58
8M,False,1,0,0.06389625,2.5114658480920915,0.06161997,2.3994709582694886,0.03516929916733713,58
8M,False,1,1,0.03605138,1.3566433086208602,0.05075129,1.5974736961266145,0.03516929916733713,58
8M,False,1,2,0.034864876,1.0392582642090702,0.028731508,0.8311019196259789,0.03516929916733713,58
8M,False,1,3,0.059253998,2.238672392381364,0.057295974,2.1366624296054417,0.03516929916733713,58
8M,False,1,4,0.049798068,1.7247309266767232,0.04990611,1.6329832033367386,0.03516929916733713,58
8M,False,1,5,0.041470185,1.1160103693696772,0.04244768,1.2255484536528116,0.03516929916733713,58
8M,False,1,6,0.030110728,0.7198376090716635,0.036658656,0.9979817352668194,0.03516929916733713,58
8M,False,1,7,0.031075861,1.2668872786483043,0.048706215,1.5465787222543337,0.03516929916733713,58
8M,False,1,8,0.05659314,2.1298252141332297,0.054486133,1.9714375374323583,0.03516929916733713,58
8M,False,1,9,0.034361582,1.2212336390892897,0.039299145,1.3766955395064477,0.03516929916733713,58
8M,False,1,10,0.042145614,1.4265837694671093,0.047856778,1.5177231336444863,0.03516929916733713,58
8M,False,1,11,0.046941686,2.1396829375181285,0.05729822,2.132638933194744,0.03516929916733713,58
8M,False,1,12,0.07408701,3.0318571846379454,0.063978896,2.415637971612017,0.03516929916733713,58
8M,False,1,13,0.023396827,0.748016778207147,0.035575412,1.0494404017975785,0.03516929916733713,58
8M,False,1,14,0.05620087,2.12022264885531,0.05799317,2.1637862054749126,0.03516929916733713,58
8M,False,1,15,0.052579075,1.8116773784545848,0.050171066,1.7480502137019374,0.03516929916733713,58
8M,False,1,16,0.06642971,2.6616509801645516,0.053372916,1.8015874208900728,0.03516929916733713,58
8M,False,1,17,0.053705953,1.6057270993640311,0.040061485,1.2208220882021594,0.03516929916733713,58
8M,False,1,18,0.045256577,1.463921165691887,0.043623757,1.3537414609675904,0.03516929916733713,58
8M,False,1,19,0.06560237,2.6995798807818185,0.06467375,2.6016493438280444,0.03516929916733713,58
8M,False,2,0,0.046200197,1.3703801488373757,0.039855145,1.1804528857132983,0.03516929916733713,58
8M,False,2,1,0.039642204,1.5669101152253422,0.055841934,1.7650799981397207,0.03516929916733713,58
8M,False,2,2,0.077161305,2.718760299300739,0.063686684,2.2608846294363274,0.03516929916733713,58
8M,False,2,3,0.03295291,1.205714245356041,0.061511885,1.9133913133009195,0.03516929916733713,58
8M,False,2,4,0.03389918,0.9645639093579947,0.03253496,0.9518753014249282,0.03516929916733713,58
8M,False,2,5,0.04728896,1.2933082449586506,0.04932561,1.4107868438038125,0.03516929916733713,58
8M,False,2,6,0.06425031,2.1864278299963975,0.05167377,1.7749475535766308,0.03516929916733713,58
8M,False,2,7,0.06694787,2.1845067333632895,0.05650058,1.8934795808435276,0.03516929916733713,58
8M,False,2,8,0.04398962,1.6672050367816458,0.051859193,1.8128029983007439,0.03516929916733713,58
8M,False,2,9,0.07110705,2.790274995039254,0.06399686,2.457672064853467,0.03516929916733713,58
8M,False,2,10,0.06226732,1.848629424782352,0.0443879,1.3057629785294222,0.03516929916733713,58
8M,False,2,11,0.0654706,2.342672811968066,0.05182925,1.761024872655007,0.03516929916733713,58
8M,False,2,12,0.053291727,1.7818227008531276,0.050568428,1.7000447043848088,0.03516929916733713,58
8M,False,2,13,0.03318767,1.1932976579150674,0.03419587,1.1288360670453532,0.03516929916733713,58
8M,False,2,14,0.066782966,2.670050235612531,0.069707446,2.543535546771292,0.03516929916733713,58
8M,False,2,15,0.098444946,3.6326825653462396,0.066993944,2.376420760271236,0.03516929916733713,58
8M,False,2,16,0.042269394,1.4541583420759303,0.05207561,1.6422308382339086,0.03516929916733713,58
8M,False,2,17,0.033319328,0.9981064864269592,0.03586689,1.108931735139288,0.03516929916733713,58
8M,False,2,18,0.06953636,2.8014440073537723,0.08072038,3.179316626064203,0.03516929916733713,58
8M,False,2,19,0.04295866,1.2829963542869076,0.042057678,1.248160071753392,0.03516929916733713,58
8M,False,3,0,0.05647599,2.2249052890558905,0.04483772,1.6338530519732475,0.03516929916733713,58
8M,False,3,1,0.03905027,1.1971972885213074,0.03822942,1.0825835613147157,0.03516929916733713,58
8M,False,3,2,0.051469278,1.6405645466337926,0.041004814,1.252671740577334,0.03516929916733713,58
8M,False,3,3,0.039160706,1.4672713959547508,0.03496618,1.1454138059409273,0.03516929916733713,58
8M,False,3,4,0.07483914,2.6155746409999265,0.047945254,1.4549825243519636,0.03516929916733713,58
8M,False,3,5,0.07183851,2.6216040111493535,0.053327534,1.8968942709293342,0.03516929916733713,58
8M,False,3,6,0.052900266,1.9864102728340356,0.04758428,1.6767599147713192,0.03516929916733713,58
8M,False,3,7,0.056795727,2.061274438652425,0.048221406,1.6351128823838008,0.03516929916733713,58
8M,False,3,8,0.0595922,2.5382226928989042,0.0501665,1.883072561744283,0.03516929916733713,58
8M,False,3,9,0.044739436,1.5843441582209559,0.03618926,1.1123539198273207,0.03516929916733713,58
8M,False,3,10,0.063356824,2.096630197155646,0.04224242,1.2891314047892617,0.03516929916733713,58
8M,False,3,11,0.047776427,1.515561923263547,0.038307656,1.1604109726396443,0.03516929916733713,58
8M,False,3,12,0.051749915,1.9931168233305323,0.051857106,1.8165680509680662,0.03516929916733713,58
8M,False,3,13,0.03546771,1.0443187257234239,0.036846824,1.0421247157541447,0.03516929916733713,58
8M,False,3,14,0.08889515,2.743818009003053,0.052227985,1.583217426753183,0.03516929916733713,58
8M,False,3,15,0.05870389,2.051808128743557,0.04450153,1.4396927958550045,0.03516929916733713,58
8M,False,3,16,0.063895345,2.195221078676409,0.052685685,1.719874560582603,0.03516929916733713,58
8M,False,3,17,0.05117068,1.6315341570819997,0.040079944,1.235179138155759,0.03516929916733713,58
8M,False,3,18,0.047788683,1.8871038171972212,0.042185854,1.3764359295732906,0.03516929916733713,58
8M,False,3,19,0.048848096,2.162732017477303,0.054601755,2.198964986158244,0.03516929916733713,58
8M,False,4,0,0.04774307,1.5910353185467068,0.044967122,1.3648188115345836,0.03516929916733713,58
8M,False,4,1,0.03748169,1.154527066410715,0.03652272,1.062618080001262,0.03516929916733713,58
8M,False,4,2,0.05905593,2.317154811756212,0.057710253,2.1887919224993415,0.03516929916733713,58
8M,False,4,3,0.04616144,1.4676899704038608,0.04228019,1.2893490746374348,0.03516929916733713,58
8M,False,4,4,0.06441612,2.4438612179991437,0.060374696,1.9996291883830302,0.03516929916733713,58
8M,False,4,5,0.06870851,2.539889760643619,0.061584406,2.151729505032099,0.03516929916733713,58
8M,False,4,6,0.060595322,2.0762977067894837,0.054788433,1.8356937868983447,0.03516929916733713,58
8M,False,4,7,0.078958414,2.9716987673151847,0.062423285,2.210060899459472,0.03516929916733713,58
8M,False,4,8,0.08041157,2.803446888110162,0.05376864,1.7723701607562519,0.03516929916733713,58
8M,False,4,9,0.04625636,1.9317506880002158,0.052341327,1.9437435376507461,0.03516929916733713,58
8M,False,4,10,0.0653231,2.665832442576158,0.060934402,2.394305864322151,0.03516929916733713,58
8M,False,4,11,0.09071307,3.338853090451788,0.055793826,1.9292790909058481,0.03516929916733713,58
8M,False,4,12,0.06667928,2.7794976101387556,0.06646345,2.595504368944171,0.03516929916733713,58
8M,False,4,13,0.054290503,2.0890131805377625,0.044397894,1.5054996529505589,0.03516929916733713,58
8M,False,4,14,0.052630734,1.957585900974311,0.05488086,2.0035505182449103,0.03516929916733713,58
8M,False,4,15,0.051876195,1.8869083761026868,0.038001962,1.1831445946655779,0.03516929916733713,58
8M,False,4,16,0.0631741,2.5757122768882854,0.061303113,2.300687254979756,0.03516929916733713,58
8M,False,4,17,0.075150646,2.817875482699161,0.06452177,2.3541676215524787,0.03516929916733713,58
8M,False,4,18,0.053745434,2.056129230166145,0.053040396,2.0410392771985824,0.03516929916733713,58
8M,False,4,19,0.06459937,2.476157048254179,0.0625557,2.381304261377978,0.03516929916733713,58
8M,False,5,0,0.08829657,3.208989136541749,0.074674375,2.502675866162734,0.03516929916733713,58
8M,False,5,1,0.08798859,3.1161327252137987,0.0378094,1.1677563149623247,0.03516929916733713,58
8M,False,5,2,0.04053975,1.6734249311722595,0.057207946,1.9648266550628075,0.03516929916733713,58
8M,False,5,3,0.12107557,4.406885135653047,0.08018452,2.737298354686098,0.03516929916733713,58
8M,False,5,4,0.23235999,8.433333115795513,0.089734815,3.1936126432146397,0.03516929916733713,58
8M,False,5,5,0.060613837,2.503068566693755,0.053020004,1.8781357955327358,0.03516929916733713,58
8M,False,5,6,0.0837646,2.80152431579686,0.061900757,2.141815594548201,0.03516929916733713,58
8M,False,5,7,0.05638719,2.197684770615176,0.04159631,1.4101904822436302,0.03516929916733713,58
8M,False,5,8,0.09103297,3.020325662282294,0.060777053,1.9862045308988627,0.03516929916733713,58
8M,False,5,9,0.066109605,2.7496636068975286,0.06234417,2.585194855948031,0.03516929916733713,58
8M,False,5,10,0.1867072,6.71057034160349,0.1346183,4.841031290272354,0.03516929916733713,58
8M,False,5,11,0.087097794,3.3909956410193063,0.049822852,1.6603118353607915,0.03516929916733713,58
8M,False,5,12,0.04091413,1.6892138929809257,0.05706846,2.0743166881881163,0.03516929916733713,58
8M,False,5,13,0.050552916,1.9073088532561007,0.03080437,0.9447707634323173,0.03516929916733713,58
8M,False,5,14,0.04633689,1.8868225900639046,0.0540477,2.031247949039337,0.03516929916733713,58
8M,False,5,15,0.08142729,2.804934388087227,0.051604077,1.543545145003225,0.03516929916733713,58
8M,False,5,16,0.05440415,2.069430402944142,0.047195993,1.614699978105307,0.03516929916733713,58
8M,False,5,17,0.077239744,2.8877286830799167,0.05897501,1.9208095623737744,0.03516929916733713,58
8M,False,5,18,0.042674854,1.5185708724490325,0.035170622,0.9982681283201875,0.03516929916733713,58
8M,False,5,19,0.0642042,2.281493124969089,0.04176346,1.2593924520253073,0.03516929916733713,58
8M,True,0,0,0.044141732,1.2918237924055442,0.03523759,1.00271075067835,0.03516929916733713,58
8M,True,0,1,0.03510491,0.9999713762029875,0.034870934,0.991858204108339,0.03516929916733713,58
8M,True,0,2,0.04882883,1.3752151783882898,0.035223577,1.0014745019856484,0.03516929916733713,58
8M,True,0,3,0.03320448,0.9153171136449167,0.03501633,0.9965645890858235,0.03516929916733713,58
8M,True,0,4,0.029617721,0.8375876329519146,0.035224874,1.002022129923746,0.03516929916733713,58
8M,True,0,5,0.032764226,0.9803980535053246,0.035232607,1.0014934522234538,0.03516929916733713,58
8M,True,0,6,0.03546693,0.9291905189524768,0.035298053,1.0026529215966753,0.03516929916733713,58
8M,True,0,7,0.02998019,0.8782863047504549,0.035158638,1.000256128077283,0.03516929916733713,58
8M,True,0,8,0.04076998,1.1237661100569465,0.035020083,0.9981417734226409,0.03516929916733713,58
8M,True,0,9,0.033505086,1.0189105212957892,0.035117753,0.9974852979103088,0.03516929916733713,58
8M,True,0,10,0.034322657,1.0352483977758116,0.034975983,0.9954462303514586,0.03516929916733713,58
8M,True,0,11,0.035883516,1.058094055578275,0.03509584,0.9979775897311775,0.03516929916733713,58
8M,True,0,12,0.039056107,1.1057709633391064,0.034835886,0.9916915173841329,0.03516929916733713,58
8M,True,0,13,0.03621247,0.9706828785829479,0.035095096,0.9974287983286731,0.03516929916733713,58
8M,True,0,14,0.029523438,0.8005742058458152,0.03512922,0.9984939869013377,0.03516929916733713,58
8M,True,0,15,0.03895556,1.1514456725960873,0.03511977,0.998939047495949,0.03516929916733713,58
8M,True,0,16,0.03066815,0.8969632789471098,0.035210613,1.0016813197426024,0.03516929916733713,58
8M,True,0,17,0.033032816,0.9388626675347237,0.035096027,0.9976115131955663,0.03516929916733713,58
8M,True,0,18,0.041087747,1.1156361563707402,0.03525629,1.0020276164984252,0.03516929916733713,58
8M,True,0,19,0.034065217,0.9628766774637108,0.035171904,0.9992628795536314,0.03516929916733713,58
8M,True,1,0,0.0284968,0.852294862727648,0.03523344,1.0035865859399313,0.03516929916733713,58
8M,True,1,1,0.040073078,1.3232091467228728,0.0352196,1.0062267689380249,0.03516929916733713,58
8M,True,1,2,0.030047733,0.7976011361714995,0.035244465,0.9979847903918183,0.03516929916733713,58
8M,True,1,3,0.027227776,0.6343319799602318,0.035249814,1.0001443248606086,0.03516929916733713,58
8M,True,1,4,0.03912389,1.060750572318016,0.035491187,1.0082394322166748,0.03516929916733713,58
8M,True,1,5,0.031594954,0.9650194426891607,0.034804,0.989761101533974,0.03516929916733713,58
8M,True,1,6,0.04022483,1.4250717280463165,0.03547948,1.014303814853833,0.03516929916733713,58
8M,True,1,7,0.03881661,1.0733559436617854,0.035033453,0.9981170638950918,0.03516929916733713,58
8M,True,1,8,0.029816106,0.8772859627365048,0.035320587,1.004144067018759,0.03516929916733713,58
8M,True,1,9,0.029597467,0.9281024570321411,0.035034817,0.9974678958893997,0.03516929916733713,58
8M,True,1,10,0.03232514,0.8980384099897962,0.035219148,1.000318193551458,0.03516929916733713,58
8M,True,1,11,0.030273737,0.8248946971649694,0.035220392,1.0004299391119809,0.03516929916733713,58
8M,True,1,12,0.029751051,0.9014021172188752,0.035456568,1.0085698992528886,0.03516929916733713,58
8M,True,1,13,0.035572637,1.0765923144945877,0.03527269,1.0051692372933638,0.03516929916733713,58
8M,True,1,14,0.025651373,0.6329304993875227,0.035038024,0.9936879792827734,0.03516929916733713,58
8M,True,1,15,0.02970645,0.8719523265551857,0.035273038,1.0047132992577728,0.03516929916733713,58
8M,True,1,16,0.036546145,1.0624656668745416,0.03536133,1.0048248331538905,0.03516929916733713,58
8M,True,1,17,0.044910654,1.4364879970826028,0.035204604,1.0062574585754513,0.03516929916733713,58
8M,True,1,18,0.028985137,0.8353249400642623,0.035189554,1.0005246274931145,0.03516929916733713,58
8M,True,1,19,0.030310426,0.856205928000058,0.03535851,1.002570937438644,0.03516929916733713,58
8M,True,2,0,0.03084649,0.8871427219817773,0.0354233,1.0064896089666315,0.03516929916733713,58
8M,True,2,1,0.035839584,1.0141303235042711,0.034920212,0.9950405638291047,0.03516929916733713,58
8M,True,2,2,0.04207416,1.4420394118619524,0.03538017,1.0101365600157137,0.03516929916733713,58
8M,True,2,3,0.029693766,0.8494545932074098,0.03488124,0.9882794397753352,0.03516929916733713,58
8M,True,2,4,0.03052343,0.8249177356828783,0.03519784,1.000578764816422,0.03516929916733713,58
8M,True,2,5,0.03506653,0.9120361739773604,0.035310518,1.0016730390688557,0.03516929916733713,58
8M,True,2,6,0.034304474,0.9039669170932411,0.034936506,0.9918370285047353,0.03516929916733713,58
8M,True,2,7,0.036494248,1.3194937179701234,0.03539784,1.0148601154655417,0.03516929916733713,58
8M,True,2,8,0.046057906,1.4272580386541978,0.03544351,1.0108837631478405,0.03516929916733713,58
8M,True,2,9,0.037154622,1.0781349605086479,0.035246633,1.0015256554268186,0.03516929916733713,58
8M,True,2,10,0.030011749,0.9659657376688098,0.035284735,1.004639050859254,0.03516929916733713,58
8M,True,2,11,0.029335937,0.7017888856392519,0.03511183,0.9926833017717567,0.03516929916733713,58
8M,True,2,12,0.027339084,0.6726010638512211,0.035083346,0.9919021682051656,0.03516929916733713,58
8M,True,2,13,0.036401484,0.9430390628094305,0.035037372,0.9941717125764732,0.03516929916733713,58
8M,True,2,14,0.034174774,1.0502566118953176,0.03527934,1.0029628042761185,0.03516929916733713,58
8M,True,2,15,0.032019917,0.9889408616498199,0.035219684,1.0036731670871717,0.03516929916733713,58
8M,True,2,16,0.03793967,1.115799613259839,0.035228256,1.0029543934634533,0.03516929916733713,58
8M,True,2,17,0.027550139,0.8748571646580529,0.035212,1.0014203550167375,0.03516929916733713,58
8M,True,2,18,0.046711985,1.4499053595213494,0.035467662,1.0088356028271013,0.03516929916733713,58
8M,True,2,19,0.034945823,1.0812574607865317,0.035000037,0.9965835071932696,0.03516929916733713,58
8M,True,3,0,0.04411064,1.3849791476958475,0.035260946,1.0052816530463395,0.03516929916733713,58
8M,True,3,1,0.027740933,0.6443188219378889,0.034950536,0.9884679032244796,0.03516929916733713,58
8M,True,3,2,0.028804699,0.8647443317652391,0.035270136,1.00021884517454,0.03516929916733713,58
8M,True,3,3,0.034852576,0.9256536162622017,0.035024498,0.9906108985111044,0.03516929916733713,58
8M,True,3,4,0.025967117,0.7090254673715302,0.035197902,0.9999464877803319,0.03516929916733713,58
8M,True,3,5,0.035435148,1.1114629768145354,0.03553108,1.0129927980917457,0.03516929916733713,58
8M,True,3,6,0.031994615,0.8142805693177132,0.034999885,0.9866455925468208,0.03516929916733713,58
8M,True,3,7,0.025770415,0.6760286163052773,0.03530151,1.004837297835248,0.03516929916733713,58
8M,True,3,8,0.029723465,0.816709956945642,0.03505191,0.9987347445619047,0.03516929916733713,58
8M,True,3,9,0.037423976,1.0352264187138576,0.03519395,0.9995704498451733,0.03516929916733713,58
8M,True,3,10,0.033394996,1.079222829832709,0.03518783,1.0020912269316313,0.03516929916733713,58
8M,True,3,11,0.03694386,0.8430988789479962,0.03502186,0.984842324143986,0.03516929916733713,58
8M,True,3,12,0.031736773,0.9956086207410542,0.035486057,1.0116720722008115,0.03516929916733713,58
8M,True,3,13,0.030025737,0.7435180107733996,0.035250746,0.99969238131261,0.03516929916733713,58
8M,True,3,14,0.030835865,0.8981191105538907,0.03520485,1.0011281079525605,0.03516929916733713,58
8M,True,3,15,0.044097655,1.283252035181079,0.03508799,1.0037530532547008,0.03516929916733713,58
8M,True,3,16,0.031390585,0.8528329863753836,0.035121012,0.9976037716657157,0.03516929916733713,58
8M,True,3,17,0.025395768,0.6649561788112783,0.03505532,0.9969079439003562,0.03516929916733713,58
8M,True,3,18,0.030162808,0.6362361012972478,0.0349366,0.98367827544634,0.03516929916733713,58
8M,True,3,19,0.0306814,0.7974004316086768,0.03495365,0.9911428155941513,0.03516929916733713,58
8M,True,4,0,0.03112588,0.9177944771101634,0.035205156,1.000471286546844,0.03516929916733713,58
8M,True,4,1,0.03649738,1.0868085170299067,0.03525354,1.00218458150256,0.03516929916733713,58
8M,True,4,2,0.031140292,0.8709304463094251,0.03506797,0.9970350937943204,0.03516929916733713,58
8M,True,4,3,0.038101383,1.1648531442311945,0.035194922,1.0036593848222808,0.03516929916733713,58
8M,True,4,4,0.03422825,0.84936414839728,0.035101186,0.9979062627539299,0.03516929916733713,58
8M,True,4,5,0.032439098,0.7782355211680534,0.035194673,0.9979634995121048,0.03516929916733713,58
8M,True,4,6,0.029722234,0.8943735661571034,0.035152715,0.9994521410892887,0.03516929916733713,58
8M,True,4,7,0.038103055,1.0682193660511698,0.035265017,1.0016046338809557,0.03516929916733713,58
8M,True,4,8,0.039133508,1.4179153678491943,0.035227276,1.0050278429160389,0.03516929916733713,58
8M,True,4,9,0.036043786,0.9441359579879409,0.03496441,0.9923708246177723,0.03516929916733713,58
8M,True,4,10,0.02045902,0.5370361129312559,0.03493177,0.9895670022321623,0.03516929916733713,58
8M,True,4,11,0.03672956,1.1095199414714654,0.035169903,1.0027331312147545,0.03516929916733713,58
8M,True,4,12,0.038111016,1.2628748789039979,0.035463285,1.008479335881717,0.03516929916733713,58
8M,True,4,13,0.03482162,0.7855766559303649,0.035019286,0.9926112538422992,0.03516929916733713,58
8M,True,4,14,0.02906614,0.9762791400066789,0.035176106,1.002635080498636,0.03516929916733713,58
8M,True,4,15,0.030352784,0.7650620153956237,0.035075776,0.9933859241124152,0.03516929916733713,58
8M,True,4,16,0.032728195,0.8633652545934043,0.03516882,1.000175399571039,0.03516929916733713,58
8M,True,4,17,0.040201146,1.3199554669848206,0.035351988,1.0092787259904088,0.03516929916733713,58
8M,True,4,18,0.034559675,1.0296300175327278,0.03503324,0.9967550979077591,0.03516929916733713,58
8M,True,4,19,0.026449446,0.733015626337741,0.03519433,0.9977261681485055,0.03516929916733713,58
8M,True,5,0,0.034936883,0.9376738850068578,0.035066966,0.9944993820491613,0.03516929916733713,58
8M,True,5,1,0.03553979,0.8682681794755532,0.03532775,1.0014749799261928,0.03516929916733713,58
8M,True,5,2,0.026900021,0.7696619886641954,0.03520135,1.0001782162885393,0.03516929916733713,58
8M,True,5,3,0.036602996,1.1510977408768208,0.035306256,1.0046836150716183,0.03516929916733713,58
8M,True,5,4,0.03364271,0.9595013261000539,0.03521401,1.0034035954001874,0.03516929916733713,58
8M,True,5,5,0.023827558,0.6541083956655668,0.034881894,0.9865795771191703,0.03516929916733713,58
8M,True,5,6,0.031789575,0.8328962856234148,0.03532269,1.002999896219748,0.03516929916733713,58
8M,True,5,7,0.038181294,1.0062324148642565,0.035223626,1.0005873049728664,0.03516929916733713,58
8M,True,5,8,0.050231688,1.8369446381188224,0.035216358,1.0061075721751978,0.03516929916733713,58
8M,True,5,9,0.026936786,0.7626338397207104,0.03506709,0.9965400722354241,0.03516929916733713,58
8M,True,5,10,0.048386484,1.6509701622687571,0.035409674,1.0096721252991556,0.03516929916733713,58
8M,True,5,11,0.035820376,1.06541107477543,0.035440657,1.0117048742400696,0.03516929916733713,58
8M,True,5,12,0.031417646,0.740717087500954,0.035009168,0.9887688223716068,0.03516929916733713,58
8M,True,5,13,0.038200833,1.2132247140022507,0.035340775,1.0077400644037,0.03516929916733713,58
8M,True,5,14,0.025599288,0.6109927840861097,0.03480799,0.9868012160166535,0.03516929916733713,58
8M,True,5,15,0.030070463,0.9272132402181592,0.03521403,1.0010778681381862,0.03516929916733713,58
8M,True,5,16,0.03013712,0.8989652551975202,0.035273515,1.006171684634947,0.03516929916733713,58
8M,True,5,17,0.029920675,0.8361192887412364,0.034798447,0.9895286192619853,0.03516929916733713,58
8M,True,5,18,0.04170051,1.4184167302859376,0.035407472,1.0112717670500495,0.03516929916733713,58
8M,True,5,19,0.029892365,0.8132142348848354,0.034970757,0.9904104633499472,0.03516929916733713,58
