protein,dms_id,model,mutant,category,llr,dms_score,llr_percentile,dms_percentile,ig_completeness_gap,ig_steps,top10_contact_fraction,most_likely_at_site,model_rank_of_wt
RASH_HUMAN,RASH_HUMAN_Bandaru_2017,35M,G10I,agree_damaging,-13.017351150512695,-0.898512401,0.12763241863433314,0.12763241863433314,-0.597956657409668,32,0.5,G,1
RASH_HUMAN,RASH_HUMAN_Bandaru_2017,35M,K117G,model_too_harsh,-9.521446228027344,0.424340409,5.328653477983408,98.72367581365667,8.230031967163086,128,0.5,K,1
RASH_HUMAN,RASH_HUMAN_Bandaru_2017,35M,H27R,model_missed,2.779956579208374,-0.438794351,99.87236758136567,18.634333120612638,-0.5130802392959595,128,0.1,R,10
RASH_HUMAN,RASH_HUMAN_Bandaru_2017,35M,G12V,hotspot_G12V,-4.223722457885742,0.022241971,41.35290363752393,65.85832801531589,-0.02129507064819336,32,0.4,G,1
RASH_HUMAN,RASH_HUMAN_Bandaru_2017,35M,G13D,hotspot_G13D,-4.81006383895874,0.254344896,35.03509891512444,93.13975749840459,0.41947388648986816,128,0.4,G,1
RASH_HUMAN,RASH_HUMAN_Bandaru_2017,35M,Q61L,hotspot_Q61L,-3.138108253479004,0.262102426,53.82897255903,93.68219527760051,0.17414283752441406,64,0.2,Q,1
TPK1_HUMAN,TPK1_HUMAN_Weile_2017,35M,D73R,agree_damaging,-11.160771369934082,-0.550513916,0.4086765168186105,0.3458032065388243,-4.8560028076171875,128,0.1,D,1
TPK1_HUMAN,TPK1_HUMAN_Weile_2017,35M,I23R,model_too_harsh,-11.61764907836914,1.409878644,0.1886199308393587,95.25306507387614,2.7391281127929688,128,0.3,I,1
TPK1_HUMAN,TPK1_HUMAN_Weile_2017,35M,W237I,model_missed,3.1479907035827637,-0.352902036,99.68563344860108,2.011945928953159,-0.19547820091247559,64,0.3,I,9
OTC_HUMAN,OTC_HUMAN_Lo_2023,35M,C303W,agree_damaging,-10.193137168884277,-0.037,0.12738853503184713,0.3821656050955414,2.3253769874572754,128,0.3,C,1
OTC_HUMAN,OTC_HUMAN_Lo_2023,35M,S267G,model_too_harsh,-5.418245792388916,1.153,11.401273885350319,97.70700636942675,0.28499507904052734,128,0.6,S,1
OTC_HUMAN,OTC_HUMAN_Lo_2023,35M,W298L,model_missed,3.696751117706299,-0.018,99.55414012738854,1.910828025477707,0.18829989433288574,128,0.2,A,18
HEM3_HUMAN,HEM3_HUMAN_Loggerenberg_2023,35M,L42D,agree_damaging,-15.94361686706543,0.0,0.017577781683951483,0.0,4.75209903717041,128,0.5,L,1
HEM3_HUMAN,HEM3_HUMAN_Loggerenberg_2023,35M,R22W,model_too_harsh,-10.131669044494629,1.209762025,5.5018456670768146,93.93566531903674,3.78200626373291,128,0.6,R,1
HEM3_HUMAN,HEM3_HUMAN_Loggerenberg_2023,35M,G203T,model_missed,2.727081298828125,0.0,99.75391105642468,0.0,1.3204069137573242,128,0.2,T,11
P53_HUMAN,P53_HUMAN_Kotler_2018,35M,D259Y,agree_damaging,-6.008065223693848,-0.503465001102,0.0,3.2442748091603053,0.1896681785583496,32,0.4,D,1
P53_HUMAN,P53_HUMAN_Kotler_2018,35M,P153H,model_too_harsh,-2.3955764770507812,3.10515767649,3.435114503816794,97.32824427480917,-0.01792740821838379,64,0.2,P,1
P53_HUMAN,P53_HUMAN_Kotler_2018,35M,E271P,model_missed,1.51325261592865,-0.56895620498,98.85496183206108,2.1946564885496183,0.0023096799850463867,128,0.1,P,5
P53_HUMAN,P53_HUMAN_Kotler_2018,35M,R175H,hotspot_R175H,-0.5154571533203125,-0.239839398219,33.11068702290076,12.69083969465649,0.02771848440170288,64,0.3,L,6
P53_HUMAN,P53_HUMAN_Kotler_2018,35M,R248W,hotspot_R248W,-1.8987455368041992,-0.0508907190396,5.534351145038168,21.946564885496183,0.03794950246810913,32,0.1,G,5
P53_HUMAN,P53_HUMAN_Kotler_2018,35M,R273H,hotspot_R273H,-1.1408636569976807,-0.392768378799,15.076335877862595,6.202290076335878,0.009631574153900146,128,0.3,R,1
