model,dms_id,k,clean_rho_eval,top_rho_eval,random_rho_eval_mean,random_rho_eval_std,random_rho_eval_min,contact_rho_eval
8M,RASH_HUMAN_Bandaru_2017,1,0.3913371207854682,0.36596633816488705,0.3908475826833538,0.007815088788444452,0.37737476159680466,0.40990959978637054
8M,RASH_HUMAN_Bandaru_2017,2,0.3913371207854682,0.354444139299604,0.39691929284581595,0.014476271089150035,0.3599304185391944,0.39573437043205556
8M,RASH_HUMAN_Bandaru_2017,4,0.3913371207854682,0.25739875694960346,0.4011900226918078,0.032269007469689914,0.3416678795119426,0.3840024653453192
8M,RASH_HUMAN_Bandaru_2017,8,0.3913371207854682,0.10336466481807954,0.42910343946045904,0.03522708432963716,0.3788709275292254,0.32554846972674917
8M,RASH_HUMAN_Bandaru_2017,16,0.3913371207854682,0.07219930823524051,0.37943335657777677,0.07194051867281348,0.25133436182612734,0.45444451897290783
8M,TPK1_HUMAN_Weile_2017,1,0.09718140956083664,0.10174936702800423,0.0983998868012263,0.006528245413344905,0.09200876339521556,0.09223830899658075
8M,TPK1_HUMAN_Weile_2017,2,0.09718140956083664,0.09800777372575138,0.0995184297244502,0.011168102789225469,0.07915224218503802,0.07609174347426449
8M,TPK1_HUMAN_Weile_2017,4,0.09718140956083664,0.048236712670884405,0.08972194813384346,0.014583035282733487,0.0606472595698381,0.07372578416876455
8M,TPK1_HUMAN_Weile_2017,8,0.09718140956083664,0.07123193517107541,0.08342090498025415,0.02301765352539508,0.044364934220428705,0.08593170756021556
8M,TPK1_HUMAN_Weile_2017,16,0.09718140956083664,0.06544345094922026,0.0641516338891944,0.02597066371226085,0.009815697836663877,0.05708372806978711
8M,OTC_HUMAN_Lo_2023,1,0.10515542942541638,0.03525168507448682,0.10620206949320536,0.008385754457049904,0.08531818497884494,0.10558824203152338
8M,OTC_HUMAN_Lo_2023,2,0.10515542942541638,0.009161200162598443,0.09925565258842015,0.030097681970087855,0.005446225293513247,0.13504655003468194
8M,OTC_HUMAN_Lo_2023,4,0.10515542942541638,-0.019656905860693505,0.07160591517838479,0.05475922256725578,-0.03490904176131877,0.13767047645920572
8M,OTC_HUMAN_Lo_2023,8,0.10515542942541638,0.03301097814495364,0.061771826667229336,0.04811194008210287,-0.03901625305468844,0.12368071065972591
8M,OTC_HUMAN_Lo_2023,16,0.10515542942541638,-0.03436351753903805,0.009218006817149987,0.03866634438676895,-0.06293816647139482,0.1160523884770898
8M,HEM3_HUMAN_Loggerenberg_2023,1,0.1070618083677929,0.12469102074884399,0.10906332657433848,0.008117680388251138,0.09596180257793335,0.0983502018083351
8M,HEM3_HUMAN_Loggerenberg_2023,2,0.1070618083677929,0.12119387133349038,0.109626993090633,0.01051232132847578,0.09582404294054975,0.08768219954424816
8M,HEM3_HUMAN_Loggerenberg_2023,4,0.1070618083677929,0.1256297768985023,0.11324469915416986,0.015560787261267844,0.08954546084659405,0.0965266397118362
8M,HEM3_HUMAN_Loggerenberg_2023,8,0.1070618083677929,0.17042801208225092,0.12390849963621346,0.019899327419040075,0.0942775835629259,0.07775649325729465
8M,HEM3_HUMAN_Loggerenberg_2023,16,0.1070618083677929,0.16938949895379754,0.14227817045524777,0.027417735673759217,0.0874311105500022,0.11347412889508333
8M,P53_HUMAN_Kotler_2018,1,-0.004930236037855834,-0.06297085998578536,-0.009533036571528325,0.02331451027788878,-0.08939014202172099,0.011274454793700671
8M,P53_HUMAN_Kotler_2018,2,-0.004930236037855834,-0.019758351101634687,-0.009431788426289604,0.021391661665981682,-0.05995835359543137,-0.016656068030773453
8M,P53_HUMAN_Kotler_2018,4,-0.004930236037855834,-0.060766343719996514,-0.0018237135126373157,0.040532077880947925,-0.08776418658586767,-0.09897629646254942
8M,P53_HUMAN_Kotler_2018,8,-0.004930236037855834,-0.07763438446863427,-0.0216855571765234,0.04110026829770531,-0.11131061484557166,-0.1030361974588212
8M,P53_HUMAN_Kotler_2018,16,-0.004930236037855834,-0.08486140724946696,-0.05200438908215814,0.05270121499190222,-0.11252758762578087,-0.12005386600830435
35M,RASH_HUMAN_Bandaru_2017,1,0.4366908687304864,0.44063491501013097,0.43501842048312167,0.00934415199658671,0.413917051507746,0.43442282697148527
35M,RASH_HUMAN_Bandaru_2017,2,0.4366908687304864,0.43412427719694796,0.43419266268684675,0.015747979934371825,0.4088289230060508,0.4472723637067758
35M,RASH_HUMAN_Bandaru_2017,4,0.4366908687304864,0.3987921326629147,0.43790832914638067,0.020121959484762187,0.38926005469826735,0.4411367165599574
35M,RASH_HUMAN_Bandaru_2017,8,0.4366908687304864,0.3927102725674648,0.4278143853152492,0.03626741910278751,0.3363461253706561,0.4460728491823736
35M,RASH_HUMAN_Bandaru_2017,16,0.4366908687304864,0.317135542103871,0.4531671207981239,0.03643541471718961,0.3962287050735744,0.44110621613788725
35M,TPK1_HUMAN_Weile_2017,1,0.23182400541989956,0.22709897317694064,0.22846445797889037,0.003508901531450557,0.2215101936282732,0.22748788901011083
35M,TPK1_HUMAN_Weile_2017,2,0.23182400541989956,0.21831426301269422,0.22773051871075384,0.005825830242765037,0.2134410098957109,0.22703699586457207
35M,TPK1_HUMAN_Weile_2017,4,0.23182400541989956,0.19707735981896068,0.22741718896489033,0.007362687562753564,0.20971417309640292,0.2376138013309054
35M,TPK1_HUMAN_Weile_2017,8,0.23182400541989956,0.20386895831878177,0.21651805228589707,0.01030712531927748,0.19342528930124023,0.23056216045696623
35M,TPK1_HUMAN_Weile_2017,16,0.23182400541989956,0.17735873681711414,0.20850400868600555,0.01664124732132364,0.18025363477261708,0.16791719831067556
35M,OTC_HUMAN_Lo_2023,1,0.403309213457385,0.4045625666292365,0.3970438001375213,0.02660081994559537,0.3165347943975758,0.4229616108534315
35M,OTC_HUMAN_Lo_2023,2,0.403309213457385,0.365032348604796,0.40251685079568383,0.011906593078399294,0.3689952890294633,0.4125831252361571
35M,OTC_HUMAN_Lo_2023,4,0.403309213457385,0.3681386807465432,0.3843815517533353,0.038399249305377706,0.30075967659790454,0.4031424002654479
35M,OTC_HUMAN_Lo_2023,8,0.403309213457385,0.25938098806821536,0.37385856984412624,0.03733619506875766,0.2994792726381713,0.41012150353892346
35M,OTC_HUMAN_Lo_2023,16,0.403309213457385,0.06141881388537331,0.3553057869754703,0.05284286026577976,0.25428642301716403,0.41695182747904974
35M,HEM3_HUMAN_Loggerenberg_2023,1,0.39768379733879355,0.34258378789247534,0.3948916877227785,0.006860594191145127,0.3764301319042283,0.3926842987745349
35M,HEM3_HUMAN_Loggerenberg_2023,2,0.39768379733879355,0.2580890613373441,0.39203271152415164,0.007451469201389632,0.37539693462385126,0.3951706453333228
35M,HEM3_HUMAN_Loggerenberg_2023,4,0.39768379733879355,0.19907364702489677,0.3762176846013715,0.03326228003455947,0.2630904826551622,0.3858740187697909
35M,HEM3_HUMAN_Loggerenberg_2023,8,0.39768379733879355,0.10293811800770135,0.35865013567096005,0.03319576591132748,0.2884696986095994,0.3859249151875434
35M,HEM3_HUMAN_Loggerenberg_2023,16,0.39768379733879355,0.11526183729285434,0.33358530688898036,0.049235718657661645,0.19451638177933264,0.37296623481513963
35M,P53_HUMAN_Kotler_2018,1,0.033818376787740495,0.05128991633312137,0.035902193294180734,0.02287798552787043,0.017474033342061622,0.043648923303283085
35M,P53_HUMAN_Kotler_2018,2,0.033818376787740495,0.0007207072407386626,0.026157184004788094,0.015291814714808255,-0.02352398408957718,0.048262447162682826
35M,P53_HUMAN_Kotler_2018,4,0.033818376787740495,0.002965124253419619,0.02633150039277297,0.03873728944651651,-0.0755695208169678,0.03482088305340466
35M,P53_HUMAN_Kotler_2018,8,0.033818376787740495,-0.02653649047993117,0.01954513148542999,0.04709304356369199,-0.09837778525916784,0.011618598735645082
35M,P53_HUMAN_Kotler_2018,16,0.033818376787740495,0.012356762553149042,-0.012606142221224706,0.0941152991216437,-0.2319804486340229,-0.030865721517724664
