claim,model,statement,estimate,ci_low,ci_high,control,p_value,n,unit,q_value
C1,35M,mean |our Spearman - published Spearman| per assay,0.0010010080388880853,0.0003370201721800895,0.0021950371837403428,,,217,assays,
C1,35M,mean Spearman with DMS (zero-shot),0.31920808929098876,0.28923011644045554,0.347074515084609,0.0,9.999000099990002e-05,217,assays,0.0002344593126894207
C1,8M,mean |our Spearman - published Spearman| per assay,0.0025479730471327173,0.0002611842998377135,0.006663159815834331,,,217,assays,
C1,8M,mean Spearman with DMS (zero-shot),0.20336297324710315,0.17419320896439194,0.23055969474113153,0.0,9.999000099990002e-05,217,assays,0.0002344593126894207
C2,8M,probe buried: best layer 6 (auroc) vs aa identity / random-init best,0.8143776465676626,,,0.7341581678296654,,2592,held-out residues,
C2,8M,probe conservation: best layer 3 (spearman) vs aa identity / random-init best,0.3384444177003966,,,0.2661923221972334,,2733,held-out residues,
C2,8M,probe n_contacts: best layer 6 (spearman) vs aa identity / random-init best,0.656673623835082,,,0.4098813154981184,,2592,held-out residues,
C2,8M,probe rsa: best layer 6 (spearman) vs aa identity / random-init best,0.6274571387947769,,,0.450024754246816,,2592,held-out residues,
C2,8M,probe secondary_structure: best layer 5 (balanced_accuracy) vs aa identity / random-init best,0.7372191068768852,,,0.4511371448373196,,2592,held-out residues,
C2,35M,probe buried: best layer 12 (auroc) vs aa identity / random-init best,0.846717361483867,,,0.7341250670960815,,2592,held-out residues,
C2,35M,probe conservation: best layer 11 (spearman) vs aa identity / random-init best,0.5213554294464484,,,0.2593353137611474,,2733,held-out residues,
C2,35M,probe n_contacts: best layer 12 (spearman) vs aa identity / random-init best,0.7204031755117999,,,0.4105809272991135,,2592,held-out residues,
C2,35M,probe rsa: best layer 12 (spearman) vs aa identity / random-init best,0.6910154523238617,,,0.4499691242151123,,2592,held-out residues,
C2,35M,probe secondary_structure: best layer 11 (balanced_accuracy) vs aa identity / random-init best,0.7970134926833815,,,0.4550017103513307,,2592,held-out residues,
C3,8M,precision@L of best contact head L5H4 vs best random-init head,0.23235998031034483,0.20449340976637936,0.25932897331724136,0.050231688172413795,9.999000099990002e-05,58,proteins,0.0002344593126894207
C3,8M,same head: precision@L vs contact base rate,0.23235998031034483,0.20449340976637936,0.25932897331724136,0.03516929916733709,9.999000099990002e-05,58,proteins,0.0002344593126894207
C3,35M,precision@L of best contact head L11H13 vs best random-init head,0.3893252136724138,0.34887284649827593,0.42620006777672403,0.054789654882758616,9.999000099990002e-05,58,proteins,0.0002344593126894207
C3,35M,same head: precision@L vs contact base rate,0.3893252136724138,0.34887284649827593,0.42620006777672403,0.03516929916733709,9.999000099990002e-05,58,proteins,0.0002344593126894207
C4,8M,IG |attribution| AUROC for 3D contacts of the mutated site,0.7482441302951287,0.7304563698187223,0.7635574832327027,0.5,9.999000099990002e-05,200,variants,0.0002344593126894207
C4,8M,IG AUROC for long-range contacts (|i-j|>=6),0.595878656743707,0.5682053737837149,0.6214404156747515,0.5,9.999000099990002e-05,182,variants,0.0002344593126894207
C4,8M,robustness: IG contact AUROC on runs meeting completeness only,0.7479786202938945,0.7300083556316713,0.7630363235825561,0.5,9.999000099990002e-05,191,variants,0.0002344593126894207
C4,8M,"IG contact AUROC, trained vs random-init model (same variants)",0.7173882599626284,0.6890445689186447,0.7454515068068093,0.46005903062039477,9.999000099990002e-05,50,variants,0.0002344593126894207
C4,8M,share of top-10 IG residues that are 3D contacts,0.3095,0.28950000000000004,0.3275,,,200,variants,
C4,8M,fraction of IG runs meeting completeness (<=10% gap),0.955,0.925,0.98,,,200,variants,
C4,8M,"Spearman(|IG|, |occlusion|) per variant",0.3003381392682614,0.2848775270764949,0.31607874297624955,0.0,9.999000099990002e-05,100,variants,0.0002344593126894207
C4,8M,occlusion AUROC for 3D contacts,0.7688174085408828,0.7489891055605251,0.788703784805542,0.5,9.999000099990002e-05,100,variants,0.0002344593126894207
C5,8M,|dLLR| masking top-1 IG residues vs 1 random,0.330369867661,0.278450955618775,0.382762122517,0.027557999127,9.999000099990002e-05,200,variants,0.0002344593126894207
C5,8M,|dLLR| masking top-1 IG residues vs 1 sequence-nearest,0.330369867661,0.278450955618775,0.382762122517,0.2131309765495,9.999000099990002e-05,200,variants,0.0002344593126894207
C5,8M,|dLLR| masking top-2 IG residues vs 2 random,0.4100984782865001,0.3416298526899,0.4841700358134875,0.04903539557,9.999000099990002e-05,200,variants,0.0002344593126894207
C5,8M,|dLLR| masking top-2 IG residues vs 2 sequence-nearest,0.4100984782865001,0.3416298526899,0.4841700358134875,0.3168882477785,0.0010998900109989002,200,variants,0.0024126619596104904
C5,8M,|dLLR| masking top-4 IG residues vs 4 random,0.511243897202,0.42629439833233757,0.599300443598975,0.08147195522250002,9.999000099990002e-05,200,variants,0.0002344593126894207
C5,8M,|dLLR| masking top-4 IG residues vs 4 sequence-nearest,0.511243897202,0.42629439833233757,0.599300443598975,0.4384739640225,0.037196280371962806,200,variants,0.07025964070259641
C5,8M,|dLLR| masking top-8 IG residues vs 8 random,0.60241088274215,0.5064789696871838,0.7030991348980588,0.127271281955,9.999000099990002e-05,200,variants,0.0002344593126894207
C5,8M,|dLLR| masking top-8 IG residues vs 8 sequence-nearest,0.60241088274215,0.5064789696871838,0.7030991348980588,0.613534682835,0.7476252374762524,200,variants,0.8069605737838915
C5,8M,|dLLR| masking top-16 IG residues vs 16 random,0.7543643936525001,0.6285422165195125,0.8861894093286501,0.18996558943499997,9.999000099990002e-05,200,variants,0.0002344593126894207
C5,8M,|dLLR| masking top-16 IG residues vs 16 sequence-nearest,0.7543643936525001,0.6285422165195125,0.8861894093286501,0.8379294358495499,0.065993400659934,200,variants,0.10684645821132173
C4,35M,IG |attribution| AUROC for 3D contacts of the mutated site,0.7412593491831627,0.7236943347958404,0.7576500063096012,0.5,9.999000099990002e-05,200,variants,0.0002344593126894207
C4,35M,IG AUROC for long-range contacts (|i-j|>=6),0.5968192474303179,0.5690014622189,0.6259777387777573,0.5,9.999000099990002e-05,182,variants,0.0002344593126894207
C4,35M,robustness: IG contact AUROC on runs meeting completeness only,0.751283193108503,0.7281828612020002,0.7735045208820388,0.5,9.999000099990002e-05,100,variants,0.0002344593126894207
C4,35M,"IG contact AUROC, trained vs random-init model (same variants)",0.7323185541249182,0.7053151184159725,0.7576467243501668,0.5173755928433446,9.999000099990002e-05,50,variants,0.0002344593126894207
C4,35M,share of top-10 IG residues that are 3D contacts,0.308,0.28800000000000003,0.3295,,,200,variants,
C4,35M,fraction of IG runs meeting completeness (<=10% gap),0.5,0.435,0.57,,,200,variants,
C4,35M,"Spearman(|IG|, |occlusion|) per variant",0.25890591956076714,0.23926311704620254,0.27797481580504124,0.0,9.999000099990002e-05,100,variants,0.0002344593126894207
C4,35M,occlusion AUROC for 3D contacts,0.7780766206217831,0.7593893835955877,0.7976018810066117,0.5,9.999000099990002e-05,100,variants,0.0002344593126894207
C5,35M,|dLLR| masking top-1 IG residues vs 1 random,0.37023971639975,0.30960355444645005,0.442097657099025,0.038414833917,9.999000099990002e-05,200,variants,0.0002344593126894207
C5,35M,|dLLR| masking top-1 IG residues vs 1 sequence-nearest,0.37023971639975,0.30960355444645005,0.442097657099025,0.2748668473325,0.001999800019998,200,variants,0.00424957504249575
C5,35M,|dLLR| masking top-2 IG residues vs 2 random,0.52006476080275,0.434450868872125,0.6146175963705,0.061587486575,9.999000099990002e-05,200,variants,0.0002344593126894207
C5,35M,|dLLR| masking top-2 IG residues vs 2 sequence-nearest,0.52006476080275,0.434450868872125,0.6146175963705,0.4558466229295,0.08349165083491651,200,variants,0.1320333082970773
C5,35M,|dLLR| masking top-4 IG residues vs 4 random,0.660558855125,0.562696131582375,0.7638521716891874,0.0976852946975,9.999000099990002e-05,200,variants,0.0002344593126894207
C5,35M,|dLLR| masking top-4 IG residues vs 4 sequence-nearest,0.660558855125,0.562696131582375,0.7638521716891874,0.655053958659,0.9102089791020898,200,variants,0.9237941877454044
C5,35M,|dLLR| masking top-8 IG residues vs 8 random,0.9468373427669999,0.808525034907725,1.0733388185283748,0.14799289569,9.999000099990002e-05,200,variants,0.0002344593126894207
C5,35M,|dLLR| masking top-8 IG residues vs 8 sequence-nearest,0.9468373427669999,0.808525034907725,1.0733388185283748,1.0761120710475,0.055694430556944306,200,variants,0.10235733183438414
C5,35M,|dLLR| masking top-16 IG residues vs 16 random,1.365338495405,1.1551887872092501,1.566018778665625,0.22837948439000003,9.999000099990002e-05,200,variants,0.0002344593126894207
C5,35M,|dLLR| masking top-16 IG residues vs 16 sequence-nearest,1.365338495405,1.1551887872092501,1.566018778665625,1.6542371312,0.000999900009999,200,variants,0.0022664400226644
C6,35M,held-out Spearman drop: ablate top-1 heads vs 1 random heads,0.007431220538480041,-0.009802041378546025,0.03255866439905033,0.0024011404235624854,0.938906109389061,5,proteins,0.938906109389061
C6,35M,"proteins where top-1 heads beat random heads (sign test p, one-sided)",2.0,,,2.5,0.8125,5,proteins,0.8413643484136434
C6,35M,held-out Spearman drop: ablate top-1 contact heads,-0.0035758574357081185,-0.012757648027884682,0.004055177910525176,0.0024011404235624854,0.49925007499250074,5,proteins,0.5677432256774323
C6,35M,held-out Spearman drop: ablate top-2 heads vs 2 random heads,0.04540912086835681,0.013050067485697887,0.0941141630528285,0.00413926680241619,0.06519348065193481,5,proteins,0.10684645821132173
C6,35M,"proteins where top-2 heads beat random heads (sign test p, one-sided)",5.0,,,2.5,0.03125,5,proteins,0.060714285714285714
C6,35M,held-out Spearman drop: ablate top-2 contact heads,-0.005399863113841133,-0.012126525135750604,0.0009439057867558126,0.00413926680241619,0.1262873712628737,5,proteins,0.18358164183581643
C6,35M,held-out Spearman drop: ablate top-4 heads vs 4 random heads,0.067455863445514,0.0330410278542946,0.13314952585069423,0.010214001375110835,0.06519348065193481,5,proteins,0.10684645821132173
C6,35M,"proteins where top-4 heads beat random heads (sign test p, one-sided)",5.0,,,2.5,0.03125,5,proteins,0.060714285714285714
C6,35M,held-out Spearman drop: ablate top-4 contact heads,0.0001476883509597293,-0.004329684474110312,0.00599619632237453,0.010214001375110835,0.06519348065193481,5,proteins,0.10684645821132173
C6,35M,held-out Spearman drop: ablate top-8 heads vs 8 random heads,0.11419288305041456,0.04084523075919005,0.21122406209671282,0.021387997426528516,0.06519348065193481,5,proteins,0.10684645821132173
C6,35M,"proteins where top-8 heads beat random heads (sign test p, one-sided)",5.0,,,2.5,0.03125,5,proteins,0.060714285714285714
C6,35M,held-out Spearman drop: ablate top-8 contact heads,0.00380524692657064,-0.006225339220783577,0.013847061331419155,0.021387997426528516,0.12448755124487551,5,proteins,0.18358164183581643
C6,35M,held-out Spearman drop: ablate top-16 heads vs 16 random heads,0.16395891381638864,0.060699099191401,0.27363600917250347,0.03307403612138991,0.12448755124487551,5,proteins,0.18358164183581643
C6,35M,"proteins where top-16 heads beat random heads (sign test p, one-sided)",4.0,,,2.5,0.1875,5,proteins,0.25
C6,35M,held-out Spearman drop: ablate top-16 contact heads,0.02705010130185549,-0.0022796720668953998,0.05637987467060638,0.03307403612138991,0.8114188581141886,5,proteins,0.8413643484136434
C6,8M,held-out Spearman drop: ablate top-1 heads vs 1 random heads,0.026223596214244315,-0.0024952451152549003,0.056251903843659835,0.00016514062421253434,0.24687531246875313,5,proteins,0.311635503116355
C6,8M,"proteins where top-1 heads beat random heads (sign test p, one-sided)",3.0,,,2.5,0.5,5,proteins,0.5677432256774323
C6,8M,held-out Spearman drop: ablate top-1 contact heads,-0.0043110550629704035,-0.014009269395051612,0.004632424623323892,0.00016514062421253434,0.5009499050094991,5,proteins,0.5677432256774323
C6,8M,held-out Spearman drop: ablate top-2 heads vs 2 random heads,0.026551379736369757,-0.00301774783948908,0.06355983551916919,-1.6609544274285604e-05,0.24747525247475252,5,proteins,0.311635503116355
C6,8M,"proteins where top-2 heads beat random heads (sign test p, one-sided)",4.0,,,2.5,0.1875,5,proteins,0.25
C6,8M,held-out Spearman drop: ablate top-2 contact heads,0.0035813473294363323,-0.014938200530167875,0.018190864910024845,-1.6609544274285604e-05,0.8166183381661833,5,proteins,0.8413643484136434
C6,8M,held-out Spearman drop: ablate top-4 heads vs 4 random heads,0.0689927070326716,0.02193963072168756,0.11511442473673125,0.004373332091217948,0.12688731126887312,5,proteins,0.18358164183581643
C6,8M,"proteins where top-4 heads beat random heads (sign test p, one-sided)",4.0,,,2.5,0.1875,5,proteins,0.25
C6,8M,held-out Spearman drop: ablate top-4 contact heads,0.0205712925758164,-0.01335097205382942,0.060001601074037306,0.004373332091217948,0.565943405659434,5,proteins,0.6308877308990412
C6,8M,held-out Spearman drop: ablate top-8 heads vs 8 random heads,0.07908086527078659,-0.009776796851926478,0.20164405257836987,0.0038572837068051547,0.3093690630936906,5,proteins,0.3824926598249266
C6,8M,"proteins where top-8 heads beat random heads (sign test p, one-sided)",4.0,,,2.5,0.1875,5,proteins,0.25
C6,8M,held-out Spearman drop: ablate top-8 contact heads,0.037184869671298845,0.0029508313286242594,0.07427124746444727,0.0038572837068051547,0.38036196380361964,5,proteins,0.4618680989043953
C6,8M,held-out Spearman drop: ablate top-16 heads vs 16 random heads,0.10159963975038096,-0.0032022060521528675,0.22345515601478105,0.03054575068888951,0.24687531246875313,5,proteins,0.311635503116355
C6,8M,"proteins where top-16 heads beat random heads (sign test p, one-sided)",3.0,,,2.5,0.5,5,proteins,0.5677432256774323
C6,8M,held-out Spearman drop: ablate top-16 contact heads,0.014960926739018892,-0.03114371091936864,0.07491432247014429,0.03054575068888951,0.684931506849315,5,proteins,0.7512152010605391
C7,35M,layer 0: Spearman as a fraction of the final layer's,0.32205163612629545,0.23508946153872023,0.4139186265678334,,,52,assays,
C7,35M,layer 1: Spearman as a fraction of the final layer's,0.396985989913422,0.2698794217755638,0.5287903127549056,,,52,assays,
C7,35M,layer 2: Spearman as a fraction of the final layer's,0.42016550753758425,0.26474726053535763,0.5719608896128003,,,52,assays,
C7,35M,layer 3: Spearman as a fraction of the final layer's,0.07984446634507715,-0.0380181777806046,0.18240723390662392,,,52,assays,
C7,35M,layer 4: Spearman as a fraction of the final layer's,0.14247438133473278,0.060494560596263194,0.23936348382848918,,,52,assays,
C7,35M,layer 5: Spearman as a fraction of the final layer's,-0.02403412015711076,-0.10199107946681286,0.06221156706211606,,,52,assays,
C7,35M,layer 6: Spearman as a fraction of the final layer's,-0.1133985653006463,-0.2232189904687619,-0.013942464103887888,,,52,assays,
C7,35M,layer 7: Spearman as a fraction of the final layer's,-0.019969540106198357,-0.13163449216338202,0.08810469233934136,,,52,assays,
C7,35M,layer 8: Spearman as a fraction of the final layer's,0.202359495251986,0.11154493858518251,0.293656899875872,,,52,assays,
C7,35M,layer 9: Spearman as a fraction of the final layer's,0.3535132338475331,0.27808176635422593,0.4328749423815127,,,52,assays,
C7,35M,layer 10: Spearman as a fraction of the final layer's,0.5238668539821,0.4270203230078851,0.6159268754642941,,,52,assays,
C7,35M,layer 11: Spearman as a fraction of the final layer's,0.7800051894760759,0.7140302115321999,0.85235963103211,,,52,assays,
C7,35M,layer 12: Spearman as a fraction of the final layer's,1.0,1.0,1.0,,,52,assays,
C7,8M,layer 0: Spearman as a fraction of the final layer's,0.1545565644474819,0.0467432839718329,0.2715868269563473,,,46,assays,
C7,8M,layer 1: Spearman as a fraction of the final layer's,-0.6088339092676364,-0.8004594389229569,-0.42916326871575694,,,46,assays,
C7,8M,layer 2: Spearman as a fraction of the final layer's,0.044831346472503066,-0.06092609690680135,0.14597735026067898,,,46,assays,
C7,8M,layer 3: Spearman as a fraction of the final layer's,0.2519370394097639,0.12030179134811861,0.43196529851860355,,,46,assays,
C7,8M,layer 4: Spearman as a fraction of the final layer's,0.12834258595739428,-0.005241374001703378,0.2855108679170838,,,46,assays,
C7,8M,layer 5: Spearman as a fraction of the final layer's,0.49756954855767765,0.39997232196806165,0.6032084754162956,,,46,assays,
C7,8M,layer 6: Spearman as a fraction of the final layer's,1.0,1.0,1.0,,,46,assays,
