model,random_init,layer,task,metric,value
aa_identity,False,-1,secondary_structure,balanced_accuracy,0.4475876129133149
aa_identity,False,-1,buried,auroc,0.7341250670960815
aa_identity,False,-1,rsa,spearman,0.4498791120357987
aa_identity,False,-1,conservation,spearman,0.1756232442021762
aa_identity,False,-1,n_contacts,spearman,0.3931927386952819
8M,False,0,secondary_structure,balanced_accuracy,0.4475876129133149
8M,False,0,buried,auroc,0.7341167173614839
8M,False,0,rsa,spearman,0.4498899772588863
8M,False,0,conservation,spearman,0.17569490774254437
8M,False,0,n_contacts,spearman,0.39318571742341085
8M,False,1,secondary_structure,balanced_accuracy,0.5843188638801824
8M,False,1,buried,auroc,0.7471909107174808
8M,False,1,rsa,spearman,0.5167315128613874
8M,False,1,conservation,spearman,0.27798057998449854
8M,False,1,n_contacts,spearman,0.5223004495269045
8M,False,2,secondary_structure,balanced_accuracy,0.6514890711971372
8M,False,2,buried,auroc,0.7746973221208325
8M,False,2,rsa,spearman,0.563499835951592
8M,False,2,conservation,spearman,0.2797533068801036
8M,False,2,n_contacts,spearman,0.6036065627383421
8M,False,3,secondary_structure,balanced_accuracy,0.6970157568816681
8M,False,3,buried,auroc,0.7813586211009721
8M,False,3,rsa,spearman,0.5787571137238053
8M,False,3,conservation,spearman,0.3384444177003966
8M,False,3,n_contacts,spearman,0.6072173921435401
8M,False,4,secondary_structure,balanced_accuracy,0.7000239393136006
8M,False,4,buried,auroc,0.7699397626289735
8M,False,4,rsa,spearman,0.5657932025292932
8M,False,4,conservation,spearman,0.32075722351929814
8M,False,4,n_contacts,spearman,0.6015052304456272
8M,False,5,secondary_structure,balanced_accuracy,0.7372191068768852
8M,False,5,buried,auroc,0.7971700363809864
8M,False,5,rsa,spearman,0.5988229218639942
8M,False,5,conservation,spearman,0.29743648574005616
8M,False,5,n_contacts,spearman,0.6456130002792977
8M,False,6,secondary_structure,balanced_accuracy,0.7292286728869414
8M,False,6,buried,auroc,0.8143776465676626
8M,False,6,rsa,spearman,0.6274571387947769
8M,False,6,conservation,spearman,0.2119508266766927
8M,False,6,n_contacts,spearman,0.656673623835082
35M,False,0,secondary_structure,balanced_accuracy,0.4475876129133149
35M,False,0,buried,auroc,0.7340701974115822
35M,False,0,rsa,spearman,0.4498681006871634
35M,False,0,conservation,spearman,0.17560303629576235
35M,False,0,n_contacts,spearman,0.3931476661229242
35M,False,1,secondary_structure,balanced_accuracy,0.49551325171383115
35M,False,1,buried,auroc,0.7203745452376693
35M,False,1,rsa,spearman,0.44912090297821256
35M,False,1,conservation,spearman,0.16645545521468275
35M,False,1,n_contacts,spearman,0.4122314427899991
35M,False,2,secondary_structure,balanced_accuracy,0.6145126953679664
35M,False,2,buried,auroc,0.7616329695234687
35M,False,2,rsa,spearman,0.524499675287931
35M,False,2,conservation,spearman,0.11712245661270682
35M,False,2,n_contacts,spearman,0.5455415105689818
35M,False,3,secondary_structure,balanced_accuracy,0.6520558330745678
35M,False,3,buried,auroc,0.7630583885012227
35M,False,3,rsa,spearman,0.5514464099436495
35M,False,3,conservation,spearman,0.29507831222770603
35M,False,3,n_contacts,spearman,0.5865867013505986
35M,False,4,secondary_structure,balanced_accuracy,0.6528563135797155
35M,False,4,buried,auroc,0.7776644599510945
35M,False,4,rsa,spearman,0.5556203505073503
35M,False,4,conservation,spearman,0.2975377569338788
35M,False,4,n_contacts,spearman,0.5899861935024946
35M,False,5,secondary_structure,balanced_accuracy,0.6608886930398241
35M,False,5,buried,auroc,0.7685429713126974
35M,False,5,rsa,spearman,0.5119746903564831
35M,False,5,conservation,spearman,0.3791381403006148
35M,False,5,n_contacts,spearman,0.5750675216488526
35M,False,6,secondary_structure,balanced_accuracy,0.6405937829061927
35M,False,6,buried,auroc,0.7622544283413848
35M,False,6,rsa,spearman,0.5656314295868604
35M,False,6,conservation,spearman,0.3272794462811697
35M,False,6,n_contacts,spearman,0.5452356592486237
35M,False,7,secondary_structure,balanced_accuracy,0.6509247118921533
35M,False,7,buried,auroc,0.7287201049680921
35M,False,7,rsa,spearman,0.4602541436656684
35M,False,7,conservation,spearman,0.19183910282817992
35M,False,7,n_contacts,spearman,0.5122062222022145
35M,False,8,secondary_structure,balanced_accuracy,0.6905072132289528
35M,False,8,buried,auroc,0.7764263135921751
35M,False,8,rsa,spearman,0.542197132391717
35M,False,8,conservation,spearman,0.3149088059771528
35M,False,8,n_contacts,spearman,0.6071366335612262
35M,False,9,secondary_structure,balanced_accuracy,0.7254328845853474
35M,False,9,buried,auroc,0.7914725353372696
35M,False,9,rsa,spearman,0.5631674708081583
35M,False,9,conservation,spearman,0.3293859347868649
35M,False,9,n_contacts,spearman,0.6535085966536438
35M,False,10,secondary_structure,balanced_accuracy,0.7532350267247795
35M,False,10,buried,auroc,0.8192204926343412
35M,False,10,rsa,spearman,0.6387537771905811
35M,False,10,conservation,spearman,0.43385474544352387
35M,False,10,n_contacts,spearman,0.6841954182139537
35M,False,11,secondary_structure,balanced_accuracy,0.7970134926833815
35M,False,11,buried,auroc,0.8410908331842308
35M,False,11,rsa,spearman,0.687840858806039
35M,False,11,conservation,spearman,0.5213554294464484
35M,False,11,n_contacts,spearman,0.7122629418096553
35M,False,12,secondary_structure,balanced_accuracy,0.7707896981803833
35M,False,12,buried,auroc,0.846717361483867
35M,False,12,rsa,spearman,0.6910154523238617
35M,False,12,conservation,spearman,0.4057469120923156
35M,False,12,n_contacts,spearman,0.7204031755117999
8M,True,0,secondary_structure,balanced_accuracy,0.4475876129133149
8M,True,0,buried,auroc,0.7341581678296654
8M,True,0,rsa,spearman,0.450024754246816
8M,True,0,conservation,spearman,0.1755885895635791
8M,True,0,n_contacts,spearman,0.39313270215469776
8M,True,1,secondary_structure,balanced_accuracy,0.4508651240084703
8M,True,1,buried,auroc,0.7286598675970657
8M,True,1,rsa,spearman,0.4474317019883958
8M,True,1,conservation,spearman,0.07866212786178894
8M,True,1,n_contacts,spearman,0.40988131549811846
8M,True,2,secondary_structure,balanced_accuracy,0.42995421415060636
8M,True,2,buried,auroc,0.7158418321703346
8M,True,2,rsa,spearman,0.4310956298149827
8M,True,2,conservation,spearman,0.26619232219723343
8M,True,2,n_contacts,spearman,0.4037627502778433
8M,True,3,secondary_structure,balanced_accuracy,0.42628448937996416
8M,True,3,buried,auroc,0.7119568199439374
8M,True,3,rsa,spearman,0.417375096639062
8M,True,3,conservation,spearman,0.17703258802842362
8M,True,3,n_contacts,spearman,0.384998508877242
8M,True,4,secondary_structure,balanced_accuracy,0.433721236390989
8M,True,4,buried,auroc,0.7061889425657542
8M,True,4,rsa,spearman,0.4085213598857799
8M,True,4,conservation,spearman,0.07020567057975773
8M,True,4,n_contacts,spearman,0.3636873426662494
8M,True,5,secondary_structure,balanced_accuracy,0.4255441128882791
8M,True,5,buried,auroc,0.6887821315679609
8M,True,5,rsa,spearman,0.3881578290037399
8M,True,5,conservation,spearman,0.07564189160464747
8M,True,5,n_contacts,spearman,0.3408895866202203
8M,True,6,secondary_structure,balanced_accuracy,0.45113714483731965
8M,True,6,buried,auroc,0.6875881195204867
8M,True,6,rsa,spearman,0.3797640695268169
8M,True,6,conservation,spearman,0.12025376253706205
8M,True,6,n_contacts,spearman,0.3296408301940846
35M,True,0,secondary_structure,balanced_accuracy,0.4475876129133149
35M,True,0,buried,auroc,0.7340803363750223
35M,True,0,rsa,spearman,0.44996912421511237
35M,True,0,conservation,spearman,0.17555667681973347
35M,True,0,n_contacts,spearman,0.39312641280414506
35M,True,1,secondary_structure,balanced_accuracy,0.41209666384453447
35M,True,1,buried,auroc,0.7147199856861692
35M,True,1,rsa,spearman,0.4275368226285039
35M,True,1,conservation,spearman,0.002230847877515182
35M,True,1,n_contacts,spearman,0.36264176991853014
35M,True,2,secondary_structure,balanced_accuracy,0.41778499086660476
35M,True,2,buried,auroc,0.699655275243037
35M,True,2,rsa,spearman,0.4196377776745176
35M,True,2,conservation,spearman,0.045574527035303174
35M,True,2,n_contacts,spearman,0.3644226326860671
35M,True,3,secondary_structure,balanced_accuracy,0.4507728319466491
35M,True,3,buried,auroc,0.7123802707699647
35M,True,3,rsa,spearman,0.4319868655268689
35M,True,3,conservation,spearman,0.036179949994704586
35M,True,3,n_contacts,spearman,0.39573438250242854
35M,True,4,secondary_structure,balanced_accuracy,0.4396320591373561
35M,True,4,buried,auroc,0.7078392079680325
35M,True,4,rsa,spearman,0.4033710277233625
35M,True,4,conservation,spearman,0.051439972079329266
35M,True,4,n_contacts,spearman,0.37418496251996874
35M,True,5,secondary_structure,balanced_accuracy,0.439028075194644
35M,True,5,buried,auroc,0.7087886920737163
35M,True,5,rsa,spearman,0.3849837070482182
35M,True,5,conservation,spearman,-0.020178886222625095
35M,True,5,n_contacts,spearman,0.3787813574404059
35M,True,6,secondary_structure,balanced_accuracy,0.4461570844954427
35M,True,6,buried,auroc,0.7095932486431681
35M,True,6,rsa,spearman,0.4303199601428943
35M,True,6,conservation,spearman,0.0025067811731583306
35M,True,6,n_contacts,spearman,0.394405093295973
35M,True,7,secondary_structure,balanced_accuracy,0.44705064001493927
35M,True,7,buried,auroc,0.7083539094650206
35M,True,7,rsa,spearman,0.4142994974260292
35M,True,7,conservation,spearman,0.08607416455977036
35M,True,7,n_contacts,spearman,0.4105809272991135
35M,True,8,secondary_structure,balanced_accuracy,0.4527176836898879
35M,True,8,buried,auroc,0.7074050217689509
35M,True,8,rsa,spearman,0.3792549747320745
35M,True,8,conservation,spearman,0.1271794479361986
35M,True,8,n_contacts,spearman,0.37794314608329654
35M,True,9,secondary_structure,balanced_accuracy,0.4550017103513307
35M,True,9,buried,auroc,0.700252281266774
35M,True,9,rsa,spearman,0.36499757803613725
35M,True,9,conservation,spearman,0.20771528728300284
35M,True,9,n_contacts,spearman,0.3585962874175709
35M,True,10,secondary_structure,balanced_accuracy,0.4520138566599705
35M,True,10,buried,auroc,0.7005636070853463
35M,True,10,rsa,spearman,0.4067402634276405
35M,True,10,conservation,spearman,0.20032148932879865
35M,True,10,n_contacts,spearman,0.36064461260549435
35M,True,11,secondary_structure,balanced_accuracy,0.4437362822746928
35M,True,11,buried,auroc,0.6991733762748256
35M,True,11,rsa,spearman,0.38784946758068917
35M,True,11,conservation,spearman,0.17269450831592623
35M,True,11,n_contacts,spearman,0.34846136591850274
35M,True,12,secondary_structure,balanced_accuracy,0.4359413330226279
35M,True,12,buried,auroc,0.6972374306673824
35M,True,12,rsa,spearman,0.39415614834787294
35M,True,12,conservation,spearman,0.25933531376114743
35M,True,12,n_contacts,spearman,0.3631755066056974
